,Sample Index,Condition,Text_SubjectiveLit POSEMO Generated,Text_SubjectiveLit POSEMO True,Text_SubjectiveLit NEGEMO Generated,Text_SubjectiveLit NEGEMO True,Text_SubjectiveLit ANX Generated,Text_SubjectiveLit ANX True,Text_SubjectiveLit ANGER Generated,Text_SubjectiveLit ANGER True,Text_SubjectiveLit SAD Generated,Text_SubjectiveLit SAD True,Text_SubjectiveLit SEE Generated,Text_SubjectiveLit SEE True,Text_SubjectiveLit HEAR Generated,Text_SubjectiveLit HEAR True,Text_SubjectiveLit FEEL Generated,Text_SubjectiveLit FEEL True,Text_SubjectiveLit COGMECH Generated,Text_SubjectiveLit COGMECH True,Text_SubjectiveLit INSIGHT Generated,Text_SubjectiveLit INSIGHT True,Text_SubjectiveLit CAUSE Generated,Text_SubjectiveLit CAUSE True,Text_SubjectiveLit SOCIAL Generated,Text_SubjectiveLit SOCIAL True,Text_SubjectiveLit FAMILY Generated,Text_SubjectiveLit FAMILY True,Text_SubjectiveLit FRIENDS Generated,Text_SubjectiveLit FRIENDS True,Text_SubjectiveLit BIO Generated,Text_SubjectiveLit BIO True,Text_SubjectiveLit BODY Generated,Text_SubjectiveLit BODY True,Text_SubjectiveLit HEALTH Generated,Text_SubjectiveLit HEALTH True,Text_SubjectiveLit SEXUAL Generated,Text_SubjectiveLit SEXUAL True,Text_SubjectiveLit INGEST Generated,Text_SubjectiveLit INGEST True,Text_Anxiety POSEMO Generated,Text_Anxiety POSEMO True,Text_Anxiety NEGEMO Generated,Text_Anxiety NEGEMO True,Text_Anxiety ANX Generated,Text_Anxiety ANX True,Text_Anxiety ANGER Generated,Text_Anxiety ANGER True,Text_Anxiety SAD Generated,Text_Anxiety SAD True,Text_Anxiety SEE Generated,Text_Anxiety SEE True,Text_Anxiety HEAR Generated,Text_Anxiety HEAR True,Text_Anxiety FEEL Generated,Text_Anxiety FEEL True,Text_Anxiety COGMECH Generated,Text_Anxiety COGMECH True,Text_Anxiety INSIGHT Generated,Text_Anxiety INSIGHT True,Text_Anxiety CAUSE Generated,Text_Anxiety CAUSE True,Text_Anxiety SOCIAL Generated,Text_Anxiety SOCIAL True,Text_Anxiety FAMILY Generated,Text_Anxiety FAMILY True,Text_Anxiety FRIENDS Generated,Text_Anxiety FRIENDS True,Text_Anxiety BIO Generated,Text_Anxiety BIO True,Text_Anxiety BODY Generated,Text_Anxiety BODY True,Text_Anxiety HEALTH Generated,Text_Anxiety HEALTH True,Text_Anxiety SEXUAL Generated,Text_Anxiety SEXUAL True,Text_Anxiety INGEST Generated,Text_Anxiety INGEST True,Text_Numeracy POSEMO Generated,Text_Numeracy POSEMO True,Text_Numeracy NEGEMO Generated,Text_Numeracy NEGEMO True,Text_Numeracy ANX Generated,Text_Numeracy ANX True,Text_Numeracy ANGER Generated,Text_Numeracy ANGER True,Text_Numeracy SAD Generated,Text_Numeracy SAD True,Text_Numeracy SEE Generated,Text_Numeracy SEE True,Text_Numeracy HEAR Generated,Text_Numeracy HEAR True,Text_Numeracy FEEL Generated,Text_Numeracy FEEL True,Text_Numeracy COGMECH Generated,Text_Numeracy COGMECH True,Text_Numeracy INSIGHT Generated,Text_Numeracy INSIGHT True,Text_Numeracy CAUSE Generated,Text_Numeracy CAUSE True,Text_Numeracy SOCIAL Generated,Text_Numeracy SOCIAL True,Text_Numeracy FAMILY Generated,Text_Numeracy FAMILY True,Text_Numeracy FRIENDS Generated,Text_Numeracy FRIENDS True,Text_Numeracy BIO Generated,Text_Numeracy BIO True,Text_Numeracy BODY Generated,Text_Numeracy BODY True,Text_Numeracy HEALTH Generated,Text_Numeracy HEALTH True,Text_Numeracy SEXUAL Generated,Text_Numeracy SEXUAL True,Text_Numeracy INGEST Generated,Text_Numeracy INGEST True,Text_TrustPhys POSEMO Generated,Text_TrustPhys POSEMO True,Text_TrustPhys NEGEMO Generated,Text_TrustPhys NEGEMO True,Text_TrustPhys ANX Generated,Text_TrustPhys ANX True,Text_TrustPhys ANGER Generated,Text_TrustPhys ANGER True,Text_TrustPhys SAD Generated,Text_TrustPhys SAD True,Text_TrustPhys SEE Generated,Text_TrustPhys SEE True,Text_TrustPhys HEAR Generated,Text_TrustPhys HEAR True,Text_TrustPhys FEEL Generated,Text_TrustPhys FEEL True,Text_TrustPhys COGMECH Generated,Text_TrustPhys COGMECH True,Text_TrustPhys INSIGHT Generated,Text_TrustPhys INSIGHT True,Text_TrustPhys CAUSE Generated,Text_TrustPhys CAUSE True,Text_TrustPhys SOCIAL Generated,Text_TrustPhys SOCIAL True,Text_TrustPhys FAMILY Generated,Text_TrustPhys FAMILY True,Text_TrustPhys FRIENDS Generated,Text_TrustPhys FRIENDS True,Text_TrustPhys BIO Generated,Text_TrustPhys BIO True,Text_TrustPhys BODY Generated,Text_TrustPhys BODY True,Text_TrustPhys HEALTH Generated,Text_TrustPhys HEALTH True,Text_TrustPhys SEXUAL Generated,Text_TrustPhys SEXUAL True,Text_TrustPhys INGEST Generated,Text_TrustPhys INGEST True
0,0,all_4.jsonl,2,2,0,0,0,0,0,0,0,0,0,0,0,0,0,0,22,7,6,2,4,1,11,5,2,1,0,0,7,1,0,0,5,1,2,0,0,0,0,1,0,0,0,0,0,0,0,0,0,0,0,0,1,0,13,5,2,0,0,0,7,5,0,1,0,0,2,1,0,0,2,1,0,0,0,0,3,0,1,1,0,0,0,0,1,0,0,0,0,0,1,1,13,7,2,0,3,0,9,8,1,0,0,0,6,0,2,0,4,0,0,0,2,0,3,2,1,0,0,0,1,0,0,0,1,0,0,0,2,2,18,10,3,2,1,1,9,9,5,1,0,0,2,0,0,0,1,0,1,0,0,0
1,0,conditioning_on_all.jsonl,6,2,0,0,0,0,0,0,0,0,0,0,0,0,0,0,14,7,6,2,1,1,10,5,1,1,0,0,4,1,0,0,4,1,0,0,0,0,5,1,2,0,0,0,1,0,0,0,0,0,0,0,4,0,16,5,4,0,1,0,7,5,1,1,0,0,6,1,1,0,3,1,2,0,0,0,3,0,0,1,0,0,0,0,0,0,0,0,0,0,2,1,18,7,4,0,2,0,11,8,2,0,0,0,7,0,1,0,3,0,3,0,2,0,8,2,0,0,0,0,0,0,0,0,1,0,0,0,2,2,20,10,4,2,3,1,9,9,3,1,0,0,4,0,0,0,1,0,3,0,0,0
2,0,holdout_Text_Anxiety.jsonl,3,2,2,0,0,0,1,0,0,0,0,0,0,0,1,0,22,7,5,2,5,1,11,5,1,1,0,0,9,1,1,0,5,1,3,0,0,0,0,1,1,0,0,0,0,0,0,0,1,0,0,0,2,0,14,5,3,0,1,0,5,5,3,1,0,0,2,1,0,0,1,1,1,0,0,0,2,0,0,1,0,0,0,0,0,0,0,0,0,0,0,1,18,7,3,0,1,0,14,8,2,0,0,0,3,0,1,0,2,0,0,0,0,0,6,2,0,0,0,0,0,0,0,0,0,0,0,0,3,2,15,10,4,2,2,1,6,9,4,1,0,0,2,0,0,0,0,0,2,0,0,0
3,0,holdout_Text_Numeracy.jsonl,3,2,0,0,0,0,0,0,0,0,0,0,1,0,1,0,16,7,4,2,3,1,10,5,2,1,0,0,7,1,2,0,4,1,1,0,0,0,0,1,2,0,1,0,0,0,0,0,0,0,0,0,1,0,7,5,1,0,0,0,3,5,0,1,0,0,2,1,0,0,2,1,0,0,0,0,3,0,1,1,0,0,1,0,0,0,1,0,3,0,0,1,14,7,1,0,2,0,12,8,2,0,0,0,6,0,3,0,3,0,0,0,0,0,6,2,0,0,0,0,0,0,0,0,0,0,1,0,2,2,17,10,3,2,1,1,11,9,2,1,0,0,4,0,0,0,2,0,2,0,0,0
4,0,holdout_Text_SubjectiveLit.jsonl,4,2,0,0,0,0,0,0,0,0,0,0,0,0,1,0,23,7,8,2,3,1,8,5,1,1,0,0,5,1,1,0,3,1,2,0,0,0,0,1,0,0,0,0,0,0,0,0,0,0,0,0,1,0,11,5,2,0,1,0,7,5,2,1,0,0,3,1,0,0,2,1,1,0,0,0,3,0,3,1,0,0,1,0,0,0,0,0,0,0,0,1,16,7,2,0,3,0,13,8,2,0,0,0,5,0,0,0,5,0,0,0,0,0,4,2,1,0,0,0,0,0,0,0,0,0,1,0,1,2,14,10,3,2,1,1,5,9,2,1,0,0,1,0,0,0,1,0,0,0,0,0
5,0,holdout_Text_TrustPhys.jsonl,3,2,1,0,0,0,1,0,0,0,0,0,0,0,2,0,21,7,7,2,4,1,13,5,5,1,0,0,5,1,0,0,5,1,0,0,0,0,0,1,1,0,1,0,0,0,0,0,0,0,0,0,3,0,16,5,4,0,1,0,5,5,1,1,0,0,4,1,0,0,1,1,3,0,0,0,2,0,1,1,0,0,0,0,0,0,0,0,1,0,0,1,20,7,2,0,2,0,15,8,2,0,0,0,5,0,2,0,4,0,0,0,1,0,4,2,0,0,0,0,0,0,0,0,1,0,1,0,1,2,15,10,2,2,3,1,10,9,3,1,0,0,1,0,0,0,0,0,1,0,0,0
6,0,Baseline Zero Shot,2,2,0,0,0,0,0,0,0,0,0,0,0,0,2,0,19,7,8,2,1,1,14,5,2,1,0,0,3,1,0,0,3,1,0,0,0,0,1,1,2,0,1,0,0,0,0,0,1,0,1,0,2,0,12,5,3,0,4,0,9,5,2,1,0,0,2,1,0,0,1,1,1,0,0,0,2,0,0,1,0,0,0,0,0,0,0,0,0,0,0,1,11,7,3,0,0,0,8,8,3,0,0,0,4,0,1,0,3,0,0,0,0,0,6,2,0,0,0,0,0,0,0,0,0,0,1,0,2,2,20,10,4,2,3,1,12,9,3,1,0,0,1,0,0,0,0,0,1,0,0,0
7,0,no_system_prompt.jsonl,8,2,0,0,0,0,0,0,0,0,0,0,0,0,1,0,16,7,4,2,2,1,12,5,2,1,0,0,5,1,0,0,5,1,0,0,0,0,0,1,1,0,1,0,0,0,0,0,0,0,1,0,1,0,10,5,2,0,0,0,3,5,0,1,0,0,1,1,0,0,0,1,1,0,0,0,3,0,1,1,0,0,1,0,0,0,0,0,0,0,0,1,10,7,2,0,1,0,10,8,2,0,0,0,6,0,1,0,5,0,0,0,0,0,4,2,0,0,0,0,0,0,0,0,1,0,0,0,4,2,12,10,3,2,2,1,6,9,3,1,0,0,2,0,1,0,0,0,1,0,0,0
8,1,all_4.jsonl,3,1,1,0,1,0,0,0,0,0,0,0,0,0,1,1,16,12,6,2,1,3,5,2,0,0,0,0,3,4,0,1,2,0,1,4,0,0,0,0,2,0,1,0,0,0,0,0,0,0,0,0,1,0,17,0,2,0,0,0,4,0,1,0,0,0,1,0,0,0,1,0,0,0,0,0,3,0,0,0,0,0,0,0,0,0,0,0,2,0,0,0,14,3,3,1,0,0,12,0,2,0,0,0,4,0,2,0,2,0,0,0,0,0,6,5,0,2,0,0,0,0,0,0,0,0,0,1,3,4,19,13,5,2,1,1,9,9,3,2,0,0,2,2,0,1,1,1,1,0,0,0
9,1,conditioning_on_all.jsonl,2,1,1,0,1,0,0,0,0,0,0,0,0,0,0,1,18,12,3,2,2,3,8,2,2,0,0,0,5,4,0,1,3,0,1,4,1,0,1,0,3,0,1,0,0,0,0,0,0,0,0,0,0,0,12,0,1,0,0,0,6,0,1,0,0,0,1,0,0,0,1,0,0,0,0,0,1,0,2,0,0,0,2,0,0,0,0,0,1,0,4,0,17,3,1,1,5,0,13,0,5,0,0,0,9,0,3,0,3,0,0,0,3,0,6,5,0,2,0,0,0,0,0,0,0,0,0,1,5,4,22,13,5,2,3,1,10,9,3,2,0,0,5,2,2,1,3,1,0,0,0,0
10,1,holdout_Text_Anxiety.jsonl,2,1,0,0,0,0,0,0,0,0,1,0,0,0,1,1,27,12,9,2,3,3,14,2,4,0,0,0,5,4,0,1,4,0,1,4,0,0,0,0,3,0,1,0,1,0,0,0,0,0,1,0,2,0,15,0,4,0,1,0,4,0,2,0,0,0,2,0,0,0,1,0,1,0,0,0,7,0,0,0,0,0,0,0,0,0,0,0,1,0,0,0,9,3,1,1,1,0,11,0,1,0,0,0,6,0,0,0,4,0,2,0,0,0,5,5,0,2,0,0,0,0,0,0,1,0,1,1,3,4,14,13,5,2,0,1,11,9,2,2,0,0,2,2,2,1,0,1,0,0,0,0
11,1,holdout_Text_Numeracy.jsonl,4,1,0,0,0,0,0,0,0,0,0,0,0,0,2,1,19,12,6,2,2,3,10,2,3,0,0,0,4,4,0,1,3,0,1,4,0,0,1,0,1,0,1,0,0,0,0,0,0,0,1,0,0,0,12,0,2,0,0,0,5,0,0,0,0,0,2,0,0,0,2,0,0,0,0,0,2,0,1,0,0,0,1,0,0,0,0,0,0,0,0,0,17,3,7,1,1,0,13,0,6,0,0,0,3,0,0,0,1,0,2,0,0,0,2,5,2,2,0,0,1,0,0,0,1,0,0,1,1,4,13,13,3,2,3,1,11,9,5,2,0,0,2,2,0,1,1,1,1,0,0,0
12,1,holdout_Text_SubjectiveLit.jsonl,2,1,0,0,0,0,0,0,0,0,1,0,0,0,0,1,16,12,8,2,3,3,11,2,2,0,0,0,5,4,0,1,4,0,2,4,0,0,2,0,3,0,1,0,0,0,0,0,0,0,0,0,0,0,8,0,1,0,1,0,7,0,4,0,0,0,1,0,0,0,1,0,0,0,0,0,3,0,0,0,0,0,0,0,0,0,1,0,0,0,1,0,13,3,1,1,1,0,6,0,2,0,0,0,2,0,0,0,2,0,0,0,0,0,4,5,3,2,0,0,2,0,0,0,1,0,0,1,2,4,19,13,6,2,3,1,6,9,5,2,0,0,3,2,0,1,1,1,2,0,0,0
13,1,holdout_Text_TrustPhys.jsonl,4,1,0,0,0,0,0,0,0,0,0,0,0,0,1,1,18,12,8,2,2,3,7,2,1,0,0,0,5,4,0,1,3,0,2,4,0,0,1,0,2,0,1,0,0,0,0,0,0,0,0,0,2,0,11,0,2,0,1,0,5,0,1,0,0,0,1,0,0,0,1,0,0,0,0,0,3,0,1,0,0,0,0,0,0,0,0,0,0,0,0,0,7,3,2,1,2,0,7,0,2,0,0,0,3,0,0,0,3,0,0,0,0,0,4,5,0,2,0,0,0,0,0,0,0,0,1,1,3,4,18,13,3,2,1,1,9,9,3,2,0,0,3,2,0,1,1,1,2,0,0,0
14,1,Baseline Zero Shot,2,1,0,0,0,0,0,0,0,0,0,0,0,0,1,1,7,12,3,2,2,3,10,2,3,0,0,0,3,4,0,1,3,0,0,4,0,0,3,0,4,0,1,0,0,0,0,0,0,0,0,0,3,0,16,0,4,0,1,0,9,0,6,0,0,0,4,0,0,0,3,0,1,0,0,0,4,0,0,0,0,0,0,0,0,0,0,0,0,0,1,0,13,3,3,1,2,0,11,0,2,0,0,0,7,0,3,0,3,0,2,0,0,0,5,5,0,2,0,0,0,0,0,0,0,0,1,1,2,4,20,13,4,2,3,1,9,9,4,2,0,0,2,2,0,1,1,1,1,0,0,0
15,1,no_system_prompt.jsonl,3,1,0,0,0,0,0,0,0,0,0,0,0,0,1,1,13,12,4,2,1,3,8,2,1,0,0,0,4,4,0,1,4,0,0,4,0,0,0,0,0,0,0,0,0,0,0,0,0,0,1,0,3,0,9,0,3,0,2,0,7,0,3,0,0,0,1,0,0,0,1,0,0,0,0,0,4,0,1,0,0,0,0,0,0,0,0,0,0,0,0,0,8,3,2,1,1,0,10,0,6,0,0,0,3,0,0,0,3,0,0,0,0,0,6,5,0,2,0,0,0,0,0,0,1,0,2,1,2,4,13,13,3,2,1,1,11,9,1,2,0,0,2,2,1,1,1,1,0,0,0,0
16,2,all_4.jsonl,4,2,0,0,0,0,0,0,0,0,0,0,0,0,1,1,17,2,5,1,1,0,12,3,3,1,0,0,7,0,0,0,5,0,2,0,0,0,0,4,1,1,0,0,0,1,0,0,0,0,0,0,2,0,8,6,2,1,0,1,4,0,0,0,0,0,5,2,0,1,4,1,1,0,0,0,3,1,0,1,0,0,0,0,0,0,0,0,0,0,1,0,14,9,2,4,1,0,9,4,0,3,0,0,1,3,1,0,0,2,0,1,0,0,3,2,0,0,0,0,0,0,0,0,0,0,1,0,0,0,11,3,2,0,1,0,10,5,4,2,0,0,1,1,0,0,1,0,0,1,0,0
17,2,conditioning_on_all.jsonl,6,2,1,0,0,0,1,0,0,0,1,0,0,0,0,1,20,2,5,1,1,0,10,3,1,1,0,0,5,0,0,0,5,0,0,0,0,0,2,4,0,1,0,0,0,1,0,0,1,0,0,0,1,0,11,6,1,1,1,1,12,0,6,0,0,0,5,2,0,1,4,1,1,0,0,0,2,1,0,1,0,0,0,0,0,0,0,0,0,0,1,0,16,9,1,4,0,0,16,4,4,3,0,0,7,3,0,0,6,2,0,1,2,0,5,2,0,0,0,0,0,0,0,0,1,0,1,0,1,0,15,3,2,0,3,0,17,5,7,2,0,0,1,1,0,0,1,0,0,1,0,0
18,2,holdout_Text_Anxiety.jsonl,1,2,0,0,0,0,0,0,0,0,0,0,0,0,0,1,18,2,4,1,3,0,8,3,3,1,0,0,3,0,0,0,3,0,0,0,0,0,1,4,0,1,0,0,0,1,0,0,0,0,0,0,2,0,15,6,3,1,0,1,6,0,0,0,0,0,0,2,0,1,0,1,0,0,0,0,4,1,0,1,0,0,0,0,0,0,2,0,1,0,0,0,12,9,1,4,0,0,11,4,1,3,0,0,3,3,1,0,2,2,0,1,0,0,4,2,0,0,0,0,0,0,0,0,0,0,1,0,0,0,11,3,2,0,3,0,15,5,4,2,0,0,2,1,0,0,2,0,0,1,0,0
19,2,holdout_Text_Numeracy.jsonl,4,2,0,0,0,0,0,0,0,0,0,0,0,0,1,1,15,2,7,1,1,0,17,3,2,1,0,0,6,0,0,0,6,0,0,0,0,0,2,4,1,1,0,0,0,1,0,0,0,0,1,0,2,0,18,6,3,1,2,1,6,0,3,0,0,0,6,2,3,1,2,1,2,0,0,0,4,1,0,1,0,0,0,0,0,0,0,0,2,0,1,0,19,9,3,4,1,0,7,4,0,3,0,0,7,3,3,0,3,2,1,1,0,0,3,2,0,0,0,0,0,0,0,0,1,0,0,0,2,0,13,3,5,0,2,0,9,5,4,2,0,0,0,1,0,0,0,0,0,1,0,0
20,2,holdout_Text_SubjectiveLit.jsonl,2,2,0,0,0,0,0,0,0,0,0,0,0,0,1,1,20,2,6,1,3,0,12,3,2,1,0,0,4,0,0,0,4,0,0,0,0,0,2,4,2,1,0,0,0,1,0,0,0,0,1,0,0,0,10,6,0,1,3,1,4,0,1,0,0,0,5,2,2,1,2,1,1,0,0,0,0,1,0,1,0,0,0,0,0,0,0,0,0,0,2,0,17,9,2,4,5,0,18,4,3,3,0,0,8,3,3,0,3,2,3,1,0,0,6,2,0,0,0,0,0,0,0,0,0,0,1,0,1,0,12,3,3,0,2,0,14,5,3,2,0,0,4,1,1,0,2,0,0,1,1,0
21,2,holdout_Text_TrustPhys.jsonl,3,2,0,0,0,0,0,0,0,0,0,0,0,0,0,1,13,2,6,1,2,0,10,3,2,1,0,0,4,0,0,0,4,0,0,0,0,0,3,4,0,1,0,0,0,1,0,0,1,0,0,0,2,0,9,6,2,1,1,1,5,0,2,0,0,0,2,2,0,1,2,1,0,0,0,0,0,1,1,1,0,0,1,0,0,0,0,0,1,0,2,0,8,9,0,4,2,0,4,4,2,3,0,0,4,3,3,0,1,2,0,1,0,0,5,2,0,0,0,0,0,0,0,0,0,0,0,0,0,0,17,3,4,0,1,0,8,5,3,2,0,0,2,1,0,0,0,0,2,1,0,0
22,2,Baseline Zero Shot,3,2,0,0,0,0,0,0,0,0,0,0,0,0,1,1,22,2,7,1,2,0,15,3,4,1,0,0,3,0,0,0,3,0,0,0,0,0,6,4,2,1,1,0,0,1,0,0,0,0,0,0,2,0,15,6,2,1,1,1,7,0,4,0,0,0,3,2,0,1,1,1,2,0,0,0,2,1,0,1,0,0,0,0,0,0,0,0,0,0,0,0,13,9,2,4,1,0,14,4,6,3,0,0,4,3,1,0,1,2,2,1,0,0,6,2,0,0,0,0,0,0,0,0,2,0,1,0,1,0,20,3,2,0,4,0,14,5,3,2,0,0,2,1,0,0,1,0,1,1,0,0
23,2,no_system_prompt.jsonl,1,2,0,0,0,0,0,0,0,0,0,0,0,0,2,1,20,2,8,1,2,0,11,3,3,1,0,0,4,0,0,0,4,0,0,0,0,0,3,4,0,1,0,0,0,1,0,0,0,0,0,0,0,0,4,6,1,1,0,1,4,0,1,0,0,0,2,2,1,1,1,1,0,0,0,0,1,1,0,1,0,0,0,0,0,0,0,0,0,0,0,0,9,9,1,4,0,0,9,4,4,3,0,0,2,3,1,0,1,2,0,1,0,0,4,2,0,0,0,0,0,0,0,0,0,0,0,0,0,0,13,3,1,0,1,0,8,5,2,2,0,0,2,1,0,0,2,0,0,1,0,0
24,3,all_4.jsonl,2,1,0,0,0,0,0,0,0,0,0,0,0,0,1,1,17,4,7,0,3,0,7,3,3,0,0,0,4,0,0,0,2,0,2,0,0,0,3,2,3,0,1,0,0,0,1,0,0,0,0,0,3,1,14,7,2,1,2,2,5,3,0,1,0,0,6,0,1,0,4,0,1,0,2,0,1,2,0,0,0,0,0,0,0,0,0,0,0,0,0,0,13,3,1,0,2,1,3,3,0,1,0,0,2,3,0,0,0,2,2,0,0,1,5,3,1,0,0,0,0,0,0,0,1,1,0,0,3,1,17,13,5,0,3,0,11,7,4,0,0,0,3,4,2,2,1,1,2,2,0,0
25,3,conditioning_on_all.jsonl,3,1,0,0,0,0,0,0,0,0,0,0,0,0,0,1,25,4,6,0,3,0,12,3,3,0,0,0,6,0,0,0,5,0,1,0,0,0,0,2,2,0,1,0,0,0,0,0,0,0,1,0,3,1,18,7,4,1,2,2,10,3,5,1,0,0,6,0,0,0,5,0,0,0,1,0,0,2,1,0,0,0,0,0,0,0,0,0,0,0,0,0,10,3,0,0,1,1,6,3,4,1,0,0,2,3,0,0,2,2,0,0,0,1,7,3,0,0,0,0,0,0,0,0,1,1,0,0,1,1,22,13,5,0,4,0,12,7,4,0,0,0,2,4,0,2,1,1,1,2,0,0
26,3,holdout_Text_Anxiety.jsonl,4,1,1,0,0,0,0,0,0,0,0,0,0,0,3,1,26,4,9,0,2,0,13,3,3,0,0,0,6,0,0,0,5,0,1,0,0,0,1,2,2,0,1,0,0,0,0,0,0,0,0,0,2,1,13,7,2,1,1,2,6,3,2,1,0,0,0,0,0,0,0,0,0,0,0,0,2,2,3,0,0,0,1,0,0,0,0,0,0,0,1,0,13,3,1,0,1,1,6,3,3,1,0,0,5,3,2,0,3,2,0,0,0,1,4,3,0,0,0,0,0,0,0,0,1,1,0,0,4,1,22,13,5,0,1,0,11,7,5,0,0,0,3,4,1,2,1,1,1,2,0,0
27,3,holdout_Text_Numeracy.jsonl,2,1,0,0,0,0,0,0,0,0,0,0,0,0,1,1,18,4,6,0,1,0,6,3,0,0,0,0,4,0,1,0,2,0,2,0,0,0,1,2,3,0,1,0,0,0,0,0,0,0,0,0,2,1,10,7,1,1,2,2,6,3,3,1,0,0,1,0,0,0,1,0,0,0,0,0,2,2,1,0,0,0,0,0,0,0,0,0,0,0,0,0,7,3,1,0,0,1,1,3,0,1,0,0,2,3,0,0,1,2,1,0,0,1,5,3,0,0,0,0,0,0,0,0,0,1,0,0,3,1,18,13,6,0,2,0,12,7,5,0,0,0,3,4,2,2,1,1,1,2,0,0
28,3,holdout_Text_SubjectiveLit.jsonl,5,1,0,0,0,0,0,0,0,0,0,0,0,0,2,1,19,4,7,0,2,0,9,3,2,0,0,0,2,0,0,0,2,0,0,0,0,0,0,2,1,0,0,0,0,0,0,0,0,0,0,0,2,1,9,7,1,1,0,2,4,3,0,1,0,0,2,0,0,0,1,0,0,0,1,0,5,2,1,0,0,0,0,0,0,0,0,0,0,0,0,0,16,3,3,0,1,1,9,3,2,1,0,0,9,3,0,0,6,2,2,0,1,1,9,3,0,0,0,0,0,0,0,0,0,1,0,0,4,1,15,13,4,0,2,0,10,7,3,0,0,0,3,4,1,2,1,1,1,2,0,0
29,3,holdout_Text_TrustPhys.jsonl,5,1,0,0,0,0,0,0,0,0,0,0,0,0,2,1,21,4,7,0,3,0,13,3,2,0,0,0,4,0,0,0,4,0,0,0,0,0,1,2,3,0,1,0,0,0,0,0,0,0,1,0,3,1,18,7,4,1,2,2,7,3,2,1,0,0,1,0,0,0,1,0,0,0,0,0,6,2,2,0,0,0,1,0,0,0,0,0,0,0,1,0,16,3,2,0,3,1,6,3,3,1,0,0,7,3,0,0,5,2,1,0,1,1,3,3,0,0,0,0,0,0,0,0,2,1,0,0,3,1,19,13,4,0,4,0,6,7,2,0,0,0,3,4,0,2,2,1,1,2,0,0
30,3,Baseline Zero Shot,2,1,0,0,0,0,0,0,0,0,0,0,0,0,0,1,13,4,2,0,3,0,11,3,1,0,0,0,6,0,0,0,5,0,1,0,0,0,4,2,1,0,1,0,0,0,0,0,0,0,0,0,2,1,12,7,3,1,1,2,10,3,4,1,0,0,1,0,0,0,1,0,0,0,0,0,2,2,0,0,0,0,0,0,0,0,0,0,0,0,1,0,12,3,2,0,1,1,7,3,2,1,0,0,2,3,1,0,1,2,0,0,0,1,3,3,0,0,0,0,0,0,0,0,0,1,2,0,1,1,16,13,4,0,3,0,13,7,3,0,0,0,4,4,0,2,3,1,1,2,0,0
31,3,no_system_prompt.jsonl,2,1,0,0,0,0,0,0,0,0,0,0,0,0,1,1,16,4,6,0,1,0,7,3,2,0,0,0,5,0,1,0,4,0,1,0,0,0,0,2,2,0,0,0,0,0,0,0,0,0,0,0,1,1,7,7,2,1,0,2,5,3,1,1,0,0,1,0,0,0,1,0,0,0,0,0,4,2,0,0,0,0,0,0,0,0,0,0,1,0,0,0,6,3,2,0,1,1,1,3,0,1,0,0,1,3,1,0,0,2,0,0,0,1,2,3,2,0,1,0,0,0,0,0,1,1,1,0,2,1,13,13,2,0,1,0,5,7,2,0,0,0,3,4,1,2,2,1,0,2,0,0
32,4,all_4.jsonl,4,1,1,0,0,0,1,0,0,0,1,0,0,0,1,1,19,3,7,1,1,1,15,1,6,0,0,0,5,0,0,0,5,0,0,0,0,0,1,2,2,0,1,0,0,0,0,0,0,0,0,0,0,0,9,5,0,0,2,0,6,3,2,1,0,0,3,1,0,0,1,1,2,0,0,0,2,0,0,0,0,0,0,0,0,0,0,0,0,0,3,0,12,2,1,0,2,0,18,2,2,1,0,0,7,1,4,1,3,1,0,0,0,1,6,1,0,0,0,0,0,0,0,0,0,1,1,1,1,0,15,8,3,2,0,1,9,5,1,0,0,0,3,0,2,0,1,0,0,0,0,0
33,4,conditioning_on_all.jsonl,1,1,1,0,0,0,1,0,0,0,1,0,0,0,1,1,26,3,9,1,4,1,10,1,2,0,0,0,4,0,0,0,3,0,1,0,0,0,0,2,2,0,2,0,0,0,0,0,1,0,0,0,0,0,15,5,2,0,1,0,3,3,0,1,0,0,2,1,0,0,1,1,1,0,0,0,2,0,1,0,0,0,0,0,0,0,0,0,0,0,0,0,11,2,1,0,1,0,9,2,3,1,0,0,5,1,2,1,2,1,2,0,0,1,5,1,1,0,0,0,0,0,0,0,0,1,1,1,2,0,19,8,4,2,3,1,14,5,3,0,0,0,4,0,0,0,3,0,1,0,0,0
34,4,holdout_Text_Anxiety.jsonl,5,1,0,0,0,0,0,0,0,0,0,0,0,0,1,1,14,3,6,1,2,1,9,1,2,0,0,0,4,0,0,0,3,0,1,0,0,0,3,2,0,0,0,0,0,0,0,0,0,0,0,0,3,0,14,5,5,0,1,0,3,3,2,1,0,0,2,1,0,0,0,1,2,0,0,0,1,0,1,0,0,0,1,0,0,0,0,0,0,0,0,0,15,2,4,0,3,0,5,2,2,1,0,0,2,1,0,1,1,1,1,0,0,1,1,1,0,0,0,0,0,0,0,0,0,1,1,1,0,0,17,8,5,2,3,1,11,5,5,0,0,0,1,0,0,0,1,0,0,0,0,0
35,4,holdout_Text_Numeracy.jsonl,2,1,0,0,0,0,0,0,0,0,0,0,0,0,0,1,18,3,5,1,2,1,15,1,3,0,0,0,5,0,0,0,4,0,1,0,0,0,1,2,2,0,1,0,0,0,0,0,0,0,0,0,2,0,16,5,3,0,2,0,7,3,2,1,0,0,5,1,0,0,2,1,3,0,0,0,3,0,0,0,0,0,0,0,0,0,0,0,0,0,1,0,14,2,6,0,2,0,13,2,2,1,0,0,5,1,1,1,5,1,0,0,1,1,4,1,0,0,0,0,0,0,0,0,0,1,2,1,1,0,14,8,2,2,2,1,8,5,2,0,0,0,1,0,0,0,1,0,0,0,0,0
36,4,holdout_Text_SubjectiveLit.jsonl,2,1,0,0,0,0,0,0,0,0,0,0,0,0,1,1,15,3,6,1,1,1,6,1,1,0,0,0,2,0,0,0,1,0,1,0,0,0,0,2,0,0,0,0,0,0,0,0,0,0,0,0,1,0,13,5,2,0,0,0,7,3,4,1,0,0,4,1,0,0,2,1,2,0,0,0,4,0,1,0,0,0,0,0,1,0,0,0,0,0,0,0,18,2,3,0,0,0,4,2,1,1,0,0,1,1,0,1,1,1,0,0,0,1,3,1,0,0,0,0,0,0,0,0,0,1,0,1,0,0,14,8,3,2,2,1,11,5,5,0,0,0,0,0,0,0,0,0,0,0,0,0
37,4,holdout_Text_TrustPhys.jsonl,2,1,1,0,0,0,1,0,0,0,1,0,0,0,2,1,26,3,10,1,2,1,15,1,2,0,0,0,7,0,1,0,5,0,1,0,0,0,2,2,4,0,3,0,0,0,0,0,0,0,0,0,1,0,9,5,2,0,2,0,3,3,1,1,0,0,2,1,0,0,0,1,2,0,0,0,5,0,0,0,0,0,0,0,0,0,0,0,0,0,1,0,13,2,1,0,0,0,7,2,2,1,0,0,2,1,1,1,1,1,0,0,0,1,7,1,0,0,0,0,0,0,0,0,1,1,0,1,0,0,19,8,4,2,3,1,11,5,5,0,0,0,2,0,0,0,0,0,2,0,0,0
38,4,Baseline Zero Shot,2,1,0,0,0,0,0,0,0,0,0,0,0,0,0,1,15,3,4,1,4,1,15,1,2,0,0,0,5,0,0,0,4,0,1,0,0,0,1,2,0,0,0,0,0,0,0,0,0,0,0,0,1,0,6,5,1,0,0,0,6,3,2,1,0,0,2,1,2,0,0,1,1,0,0,0,2,0,1,0,0,0,0,0,0,0,1,0,0,0,1,0,9,2,1,0,0,0,9,2,2,1,0,0,3,1,1,1,1,1,1,0,2,1,4,1,0,0,0,0,0,0,0,0,0,1,1,1,1,0,19,8,4,2,4,1,18,5,3,0,0,0,4,0,0,0,3,0,1,0,0,0
39,4,no_system_prompt.jsonl,6,1,0,0,0,0,0,0,0,0,1,0,0,0,2,1,15,3,5,1,1,1,13,1,3,0,0,0,3,0,0,0,3,0,0,0,0,0,0,2,3,0,2,0,0,0,0,0,0,0,0,0,1,0,9,5,1,0,1,0,4,3,1,1,0,0,2,1,0,0,2,1,0,0,0,0,1,0,0,0,0,0,0,0,0,0,0,0,0,0,1,0,17,2,2,0,1,0,12,2,4,1,0,0,6,1,4,1,3,1,1,0,3,1,3,1,0,0,0,0,0,0,0,0,1,1,1,1,2,0,11,8,2,2,1,1,9,5,5,0,0,0,2,0,0,0,2,0,0,0,0,0
40,5,all_4.jsonl,7,1,0,0,0,0,0,0,0,0,0,0,0,0,1,0,17,4,5,1,2,1,12,3,7,1,0,0,3,1,0,0,2,1,1,0,0,0,2,2,1,0,0,0,0,0,1,0,0,0,0,0,2,1,14,4,3,1,1,0,6,2,2,0,0,0,2,1,0,1,0,0,2,0,0,0,2,0,0,0,0,0,0,0,0,0,0,1,0,0,0,0,10,5,2,0,0,0,10,4,2,1,0,0,2,2,1,2,1,0,0,0,0,0,5,1,0,0,0,0,0,0,0,0,1,1,1,0,5,1,20,4,7,1,2,1,9,2,6,2,0,0,2,2,0,0,2,2,0,0,1,1
41,5,conditioning_on_all.jsonl,4,1,0,0,0,0,0,0,0,0,0,0,0,0,0,0,21,4,8,1,1,1,12,3,2,1,0,0,6,1,0,0,4,1,2,0,0,0,3,2,1,0,1,0,0,0,0,0,1,0,1,0,1,1,15,4,1,1,2,0,12,2,2,0,0,0,4,1,1,1,3,0,0,0,0,0,1,0,2,0,0,0,1,0,0,0,0,1,0,0,0,0,11,5,2,0,1,0,5,4,2,1,0,0,2,2,0,2,1,0,0,0,1,0,6,1,0,0,0,0,0,0,0,0,0,1,0,0,2,1,15,4,3,1,1,1,10,2,3,2,0,0,2,2,0,0,0,2,2,0,0,1
42,5,holdout_Text_Anxiety.jsonl,4,1,0,0,0,0,0,0,0,0,1,0,0,0,0,0,12,4,5,1,2,1,10,3,1,1,0,0,4,1,0,0,3,1,1,0,0,0,2,2,0,0,0,0,0,0,0,0,1,0,0,0,2,1,10,4,2,1,0,0,4,2,2,0,0,0,1,1,0,1,0,0,1,0,0,0,3,0,0,0,0,0,0,0,0,0,0,1,0,0,0,0,8,5,1,0,1,0,9,4,2,1,0,0,3,2,0,2,2,0,1,0,0,0,3,1,0,0,0,0,0,0,0,0,1,1,0,0,3,1,19,4,4,1,1,1,10,2,3,2,0,0,4,2,0,0,2,2,1,0,1,1
43,5,holdout_Text_Numeracy.jsonl,1,1,0,0,0,0,0,0,0,0,1,0,0,0,2,0,14,4,5,1,1,1,7,3,2,1,0,0,3,1,0,0,3,1,0,0,0,0,1,2,0,0,0,0,0,0,0,0,0,0,0,0,2,1,15,4,3,1,2,0,8,2,1,0,0,0,1,1,0,1,1,0,0,0,0,0,5,0,0,0,0,0,0,0,0,0,0,1,0,0,0,0,10,5,1,0,1,0,3,4,1,1,0,0,4,2,0,2,3,0,1,0,0,0,2,1,0,0,0,0,0,0,0,0,0,1,0,0,2,1,21,4,4,1,2,1,7,2,4,2,0,0,1,2,0,0,0,2,1,0,0,1
44,5,holdout_Text_SubjectiveLit.jsonl,3,1,0,0,0,0,0,0,0,0,1,0,0,0,3,0,9,4,5,1,0,1,4,3,1,1,0,0,1,1,0,0,1,1,0,0,0,0,2,2,2,0,1,0,0,0,0,0,0,0,0,0,2,1,14,4,2,1,0,0,2,2,0,0,0,0,1,1,0,1,1,0,0,0,0,0,1,0,1,0,0,0,1,0,0,0,0,1,0,0,0,0,10,5,2,0,2,0,7,4,4,1,0,0,4,2,0,2,2,0,2,0,0,0,2,1,0,0,0,0,0,0,0,0,0,1,0,0,3,1,11,4,2,1,1,1,3,2,1,2,0,0,2,2,0,0,0,2,1,0,1,1
45,5,holdout_Text_TrustPhys.jsonl,5,1,0,0,0,0,0,0,0,0,0,0,0,0,2,0,14,4,7,1,2,1,7,3,2,1,0,0,3,1,0,0,2,1,1,0,0,0,0,2,2,0,1,0,0,0,0,0,0,0,0,0,1,1,20,4,1,1,0,0,4,2,1,0,0,0,1,1,0,1,1,0,0,0,0,0,0,0,2,0,0,0,1,0,1,0,0,1,0,0,0,0,8,5,0,0,2,0,5,4,1,1,0,0,3,2,1,2,2,0,0,0,0,0,2,1,1,0,0,0,0,0,1,0,0,1,1,0,1,1,17,4,3,1,3,1,13,2,4,2,0,0,3,2,0,0,2,2,1,0,0,1
46,5,Baseline Zero Shot,2,1,0,0,0,0,0,0,0,0,0,0,0,0,1,0,12,4,3,1,1,1,13,3,2,1,0,0,4,1,1,0,3,1,1,0,0,0,2,2,2,0,1,0,0,0,0,0,0,0,0,0,0,1,10,4,1,1,1,0,9,2,7,0,0,0,2,1,0,1,1,0,1,0,0,0,2,0,2,0,0,0,0,0,0,0,1,1,1,0,0,0,9,5,2,0,1,0,16,4,8,1,0,0,6,2,0,2,4,0,2,0,0,0,5,1,0,0,0,0,0,0,0,0,0,1,1,0,3,1,17,4,5,1,4,1,15,2,3,2,0,0,3,2,0,0,2,2,1,0,0,1
47,5,no_system_prompt.jsonl,3,1,0,0,0,0,0,0,0,0,0,0,0,0,1,0,16,4,3,1,2,1,11,3,3,1,0,0,4,1,0,0,2,1,2,0,0,0,6,2,0,0,0,0,0,0,0,0,0,0,0,0,1,1,13,4,2,1,1,0,7,2,4,0,0,0,0,1,0,1,0,0,0,0,0,0,3,0,1,0,0,0,1,0,0,0,0,1,0,0,0,0,9,5,2,0,1,0,13,4,5,1,0,0,3,2,2,2,2,0,0,0,1,0,1,1,0,0,0,0,0,0,0,0,0,1,0,0,2,1,13,4,2,1,2,1,4,2,2,2,0,0,0,2,0,0,0,2,0,0,0,1
48,6,all_4.jsonl,4,5,0,0,0,0,0,0,0,0,0,0,0,0,1,1,19,11,4,3,1,0,7,5,2,0,0,0,3,0,0,0,3,0,0,0,0,0,2,1,3,0,1,0,0,0,0,0,0,0,1,0,0,0,14,8,1,1,0,0,4,3,0,0,0,0,4,1,0,0,4,1,0,0,0,0,4,1,1,1,0,0,1,0,0,0,0,0,1,0,0,0,10,6,1,1,2,0,9,2,1,0,0,0,3,2,1,1,2,1,0,0,0,0,2,4,0,0,0,0,0,0,0,0,1,1,2,0,0,1,12,10,3,3,2,1,9,3,2,1,0,0,1,1,1,0,0,1,0,0,0,0
49,6,conditioning_on_all.jsonl,3,5,0,0,0,0,0,0,0,0,2,0,0,0,1,1,20,11,6,3,4,0,7,5,2,0,0,0,6,0,0,0,4,0,2,0,0,0,2,1,1,0,0,0,0,0,0,0,1,0,0,0,3,0,18,8,2,1,3,0,5,3,2,0,0,0,3,1,1,0,2,1,1,0,0,0,4,1,1,1,0,0,0,0,0,0,0,0,0,0,1,0,10,6,2,1,1,0,4,2,2,0,0,0,3,2,0,1,1,1,1,0,1,0,6,4,0,0,0,0,0,0,0,0,0,1,0,0,2,1,17,10,1,3,3,1,10,3,2,1,0,0,1,1,0,0,0,1,1,0,0,0
50,6,holdout_Text_Anxiety.jsonl,3,5,0,0,0,0,0,0,0,0,0,0,0,0,1,1,18,11,6,3,2,0,12,5,2,0,0,0,6,0,0,0,5,0,1,0,0,0,3,1,1,0,0,0,1,0,0,0,1,0,0,0,2,0,17,8,5,1,0,0,10,3,3,0,0,0,2,1,0,0,2,1,0,0,0,0,2,1,2,1,0,0,0,0,0,0,1,0,0,0,0,0,9,6,1,1,1,0,7,2,3,0,0,0,2,2,0,1,2,1,0,0,0,0,4,4,2,0,0,0,0,0,0,0,0,1,1,0,1,1,18,10,4,3,3,1,7,3,3,1,0,0,1,1,0,0,0,1,1,0,0,0
51,6,holdout_Text_Numeracy.jsonl,3,5,0,0,0,0,0,0,0,0,0,0,0,0,1,1,17,11,6,3,2,0,8,5,2,0,0,0,3,0,0,0,3,0,0,0,0,0,0,1,1,0,1,0,0,0,0,0,0,0,0,0,3,0,7,8,4,1,0,0,5,3,0,0,0,0,2,1,0,0,0,1,2,0,0,0,1,1,1,1,0,0,0,0,0,0,0,0,0,0,1,0,8,6,3,1,1,0,4,2,1,0,0,0,4,2,0,1,2,1,0,0,2,0,4,4,0,0,0,0,0,0,0,0,1,1,0,0,1,1,17,10,1,3,5,1,8,3,3,1,0,0,3,1,0,0,1,1,2,0,0,0
52,6,holdout_Text_SubjectiveLit.jsonl,4,5,0,0,0,0,0,0,0,0,0,0,0,0,1,1,16,11,4,3,3,0,9,5,3,0,0,0,5,0,0,0,4,0,1,0,0,0,2,1,2,0,1,0,0,0,0,0,1,0,1,0,4,0,13,8,2,1,1,0,10,3,3,0,0,0,1,1,0,0,1,1,0,0,0,0,2,1,0,1,0,0,0,0,0,0,0,0,0,0,0,0,10,6,2,1,0,0,3,2,0,0,0,0,3,2,0,1,3,1,0,0,0,0,0,4,0,0,0,0,0,0,0,0,0,1,0,0,1,1,12,10,3,3,2,1,3,3,1,1,0,0,3,1,0,0,1,1,2,0,0,0
53,6,holdout_Text_TrustPhys.jsonl,1,5,0,0,0,0,0,0,0,0,0,0,0,0,0,1,13,11,4,3,2,0,9,5,2,0,0,0,5,0,0,0,4,0,1,0,0,0,3,1,1,0,1,0,0,0,0,0,0,0,1,0,2,0,12,8,3,1,0,0,6,3,0,0,0,0,3,1,0,0,1,1,2,0,0,0,2,1,2,1,1,0,0,0,1,0,0,0,0,0,1,0,11,6,2,1,0,0,2,2,0,0,0,0,3,2,1,1,0,1,2,0,0,0,5,4,0,0,0,0,0,0,0,0,1,1,0,0,1,1,19,10,2,3,3,1,7,3,1,1,0,0,4,1,0,0,2,1,2,0,0,0
54,6,Baseline Zero Shot,2,5,0,0,0,0,0,0,0,0,0,0,0,0,1,1,18,11,6,3,6,0,20,5,3,0,0,0,5,0,0,0,4,0,1,0,0,0,3,1,3,0,2,0,0,0,0,0,0,0,0,0,3,0,14,8,4,1,1,0,5,3,3,0,0,0,1,1,0,0,1,1,0,0,0,0,2,1,0,1,0,0,0,0,0,0,0,0,0,0,0,0,14,6,1,1,1,0,6,2,2,0,0,0,5,2,0,1,5,1,0,0,0,0,2,4,0,0,0,0,0,0,0,0,0,1,0,0,3,1,20,10,4,3,5,1,16,3,7,1,0,0,1,1,0,0,0,1,1,0,0,0
55,6,no_system_prompt.jsonl,5,5,1,0,0,0,0,0,0,0,0,0,0,0,2,1,22,11,8,3,4,0,13,5,3,0,0,0,6,0,1,0,4,0,1,0,0,0,1,1,2,0,1,0,0,0,0,0,0,0,0,0,2,0,13,8,3,1,0,0,9,3,3,0,0,0,2,1,0,0,2,1,0,0,0,0,3,1,1,1,0,0,1,0,0,0,0,0,0,0,0,0,7,6,2,1,0,0,5,2,1,0,0,0,4,2,0,1,2,1,2,0,0,0,3,4,0,0,0,0,0,0,0,0,1,1,0,0,1,1,16,10,6,3,2,1,10,3,3,1,0,0,1,1,0,0,1,1,0,0,0,0
56,7,all_4.jsonl,1,1,0,0,0,0,0,0,0,0,1,0,0,0,1,0,8,6,3,1,2,0,10,1,2,0,0,0,3,0,0,0,3,0,0,0,0,0,1,0,2,2,1,0,0,0,0,0,0,0,0,0,0,0,10,4,1,0,1,0,8,5,1,0,0,0,2,4,0,1,2,3,0,0,0,0,4,2,3,0,0,0,1,0,0,0,0,0,1,0,1,0,11,4,1,1,0,1,11,3,0,1,1,0,2,2,1,0,0,0,1,1,0,1,4,0,0,0,0,0,0,0,0,0,1,0,0,0,0,0,18,5,4,1,2,0,12,12,4,2,0,0,4,0,0,0,2,0,2,0,0,0
57,7,conditioning_on_all.jsonl,5,1,0,0,0,0,0,0,0,0,1,0,0,0,0,0,21,6,6,1,3,0,9,1,2,0,0,0,7,0,0,0,4,0,2,0,1,0,3,0,1,2,1,0,0,0,0,0,0,0,0,0,3,0,16,4,4,0,0,0,9,5,3,0,0,0,4,4,0,1,3,3,1,0,0,0,3,2,0,0,0,0,0,0,0,0,3,0,0,0,1,0,14,4,2,1,0,1,4,3,1,1,0,0,3,2,0,0,1,0,1,1,1,1,4,0,0,0,0,0,0,0,0,0,0,0,0,0,3,0,20,5,6,1,2,0,12,12,3,2,0,0,3,0,1,0,1,0,1,0,0,0
58,7,holdout_Text_Anxiety.jsonl,1,1,0,0,0,0,0,0,0,0,0,0,0,0,1,0,16,6,8,1,1,0,8,1,1,0,0,0,4,0,0,0,3,0,1,0,0,0,1,0,2,2,0,0,0,0,0,0,0,0,0,0,0,0,13,4,0,0,0,0,3,5,1,0,0,0,2,4,1,1,0,3,1,0,0,0,5,2,2,0,0,0,1,0,1,0,0,0,0,0,0,0,14,4,1,1,1,1,13,3,4,1,0,0,4,2,0,0,1,0,3,1,0,1,1,0,0,0,0,0,0,0,0,0,0,0,1,0,1,0,14,5,4,1,2,0,8,12,2,2,0,0,2,0,0,0,0,0,2,0,0,0
59,7,holdout_Text_Numeracy.jsonl,4,1,0,0,0,0,0,0,0,0,0,0,0,0,0,0,21,6,5,1,2,0,10,1,4,0,0,0,5,0,0,0,4,0,1,0,0,0,1,0,1,2,0,0,0,0,0,0,2,0,0,0,4,0,18,4,2,0,0,0,4,5,0,0,0,0,2,4,1,1,1,3,0,0,0,0,4,2,0,0,0,0,0,0,0,0,0,0,0,0,0,0,14,4,1,1,0,1,8,3,2,1,0,0,0,2,0,0,0,0,0,1,0,1,6,0,0,0,0,0,0,0,0,0,1,0,0,0,0,0,14,5,0,1,2,0,13,12,3,2,0,0,2,0,0,0,1,0,1,0,0,0
60,7,holdout_Text_SubjectiveLit.jsonl,1,1,0,0,0,0,0,0,0,0,0,0,0,0,1,0,19,6,6,1,1,0,10,1,3,0,0,0,5,0,0,0,3,0,2,0,0,0,2,0,1,2,0,0,0,0,0,0,0,0,0,0,2,0,14,4,3,0,1,0,6,5,1,0,0,0,5,4,0,1,2,3,3,0,0,0,1,2,2,0,0,0,0,0,1,0,0,0,0,0,0,0,7,4,2,1,2,1,8,3,2,1,0,0,2,2,2,0,0,0,0,1,0,1,3,0,0,0,0,0,0,0,0,0,0,0,1,0,0,0,14,5,1,1,2,0,12,12,4,2,0,0,1,0,1,0,0,0,0,0,0,0
61,7,holdout_Text_TrustPhys.jsonl,2,1,0,0,0,0,0,0,0,0,0,0,0,0,1,0,17,6,6,1,4,0,8,1,2,0,0,0,4,0,0,0,3,0,1,0,0,0,0,0,0,2,0,0,0,0,0,0,0,0,0,0,1,0,13,4,2,0,2,0,4,5,1,0,0,0,1,4,0,1,0,3,1,0,0,0,3,2,2,0,0,0,1,0,0,0,1,0,0,0,1,0,12,4,1,1,1,1,6,3,1,1,0,0,3,2,0,0,3,0,0,1,0,1,4,0,1,0,0,0,0,0,0,0,0,0,0,0,1,0,15,5,5,1,1,0,10,12,2,2,0,0,0,0,0,0,0,0,0,0,0,0
62,7,Baseline Zero Shot,0,1,0,0,0,0,0,0,0,0,0,0,0,0,0,0,15,6,5,1,2,0,13,1,3,0,0,0,8,0,1,0,6,0,2,0,0,0,0,0,1,2,0,0,0,0,0,0,0,0,1,0,0,0,6,4,0,0,1,0,10,5,4,0,0,0,3,4,1,1,2,3,0,0,0,0,2,2,1,0,0,0,1,0,0,0,0,0,0,0,0,0,12,4,3,1,3,1,13,3,6,1,0,0,6,2,2,0,4,0,0,1,2,1,6,0,0,0,0,0,0,0,0,0,0,0,1,0,2,0,15,5,2,1,2,0,13,12,3,2,0,0,4,0,1,0,3,0,0,0,0,0
63,7,no_system_prompt.jsonl,3,1,0,0,0,0,0,0,0,0,1,0,0,0,0,0,18,6,6,1,3,0,11,1,2,0,0,0,4,0,0,0,3,0,1,0,0,0,1,0,1,2,0,0,0,0,0,0,0,0,0,0,3,0,18,4,4,0,1,0,6,5,2,0,0,0,1,4,0,1,1,3,0,0,0,0,2,2,2,0,0,0,0,0,1,0,0,0,0,0,0,0,8,4,2,1,3,1,7,3,2,1,0,0,1,2,1,0,0,0,0,1,0,1,5,0,1,0,0,0,0,0,0,0,0,0,0,0,1,0,16,5,3,1,3,0,16,12,4,2,0,0,3,0,0,0,2,0,1,0,0,0
64,8,all_4.jsonl,1,0,0,0,0,0,0,0,0,0,0,0,0,0,0,0,14,8,5,1,1,0,10,4,3,0,0,0,4,1,0,0,4,1,0,0,0,0,0,0,0,1,0,1,0,0,0,0,1,0,1,0,1,0,6,3,2,0,1,0,5,2,1,0,0,0,1,2,0,1,1,1,0,0,0,0,1,0,0,0,0,0,0,0,0,0,0,0,0,0,0,0,6,3,2,0,0,0,7,0,3,0,0,0,2,0,0,0,2,0,0,0,0,0,2,1,0,0,0,0,0,0,0,0,0,0,0,0,0,0,17,9,4,0,1,2,8,4,4,1,0,0,0,1,0,0,0,0,0,1,0,0
65,8,conditioning_on_all.jsonl,2,0,0,0,0,0,0,0,0,0,0,0,0,0,1,0,19,8,5,1,3,0,12,4,3,0,0,0,5,1,0,0,3,1,2,0,0,0,3,0,3,1,2,1,0,0,1,0,2,0,0,0,2,0,16,3,4,0,0,0,6,2,1,0,0,0,3,2,0,1,2,1,1,0,0,0,5,0,0,0,0,0,0,0,0,0,1,0,0,0,0,0,8,3,0,0,0,0,9,0,1,0,0,0,3,0,0,0,3,0,0,0,0,0,9,1,1,0,0,0,1,0,0,0,1,0,0,0,2,0,22,9,3,0,4,2,6,4,2,1,0,0,3,1,0,0,1,0,2,1,0,0
66,8,holdout_Text_Anxiety.jsonl,0,0,0,0,0,0,0,0,0,0,1,0,0,0,0,0,17,8,6,1,1,0,6,4,1,0,0,0,3,1,0,0,3,1,0,0,0,0,0,0,2,1,0,1,0,0,0,0,0,0,1,0,1,0,8,3,1,0,0,0,6,2,1,0,0,0,3,2,0,1,2,1,1,0,0,0,3,0,0,0,0,0,0,0,0,0,0,0,0,0,0,0,16,3,4,0,1,0,9,0,2,0,0,0,4,0,2,0,3,0,0,0,1,0,3,1,2,0,0,0,1,0,0,0,0,0,2,0,3,0,19,9,3,0,3,2,16,4,5,1,0,0,4,1,0,0,2,0,2,1,0,0
67,8,holdout_Text_Numeracy.jsonl,5,0,1,0,0,0,1,0,0,0,0,0,0,0,2,0,15,8,7,1,2,0,14,4,4,0,0,0,8,1,1,0,7,1,0,0,0,0,0,0,1,1,0,1,0,0,0,0,0,0,0,0,1,0,10,3,3,0,0,0,9,2,1,0,0,0,3,2,0,1,1,1,2,0,0,0,2,0,0,0,0,0,0,0,0,0,0,0,0,0,0,0,5,3,0,0,0,0,6,0,3,0,0,0,4,0,0,0,3,0,0,0,1,0,7,1,0,0,0,0,0,0,0,0,0,0,1,0,1,0,15,9,4,0,1,2,21,4,8,1,0,0,2,1,1,0,1,0,0,1,0,0
68,8,holdout_Text_SubjectiveLit.jsonl,1,0,0,0,0,0,0,0,0,0,0,0,0,0,0,0,9,8,4,1,1,0,3,4,0,0,0,0,2,1,0,0,1,1,1,0,0,0,0,0,2,1,1,1,0,0,0,0,1,0,0,0,1,0,10,3,2,0,1,0,5,2,2,0,0,0,5,2,1,1,4,1,0,0,0,0,1,0,2,0,0,0,1,0,0,0,0,0,1,0,0,0,9,3,1,0,1,0,8,0,1,0,0,0,6,0,3,0,3,0,0,0,0,0,6,1,0,0,0,0,0,0,0,0,0,0,1,0,1,0,19,9,1,0,4,2,12,4,2,1,0,0,3,1,0,0,2,0,1,1,0,0
69,8,holdout_Text_TrustPhys.jsonl,4,0,0,0,0,0,0,0,0,0,1,0,0,0,0,0,13,8,3,1,1,0,7,4,2,0,0,0,2,1,0,0,2,1,0,0,0,0,1,0,1,1,0,1,0,0,0,0,0,0,1,0,2,0,13,3,3,0,1,0,10,2,2,0,0,0,4,2,0,1,4,1,0,0,0,0,7,0,2,0,0,0,1,0,0,0,0,0,0,0,0,0,12,3,1,0,1,0,8,0,1,0,0,0,5,0,1,0,2,0,2,0,0,0,5,1,0,0,0,0,0,0,0,0,0,0,0,0,0,0,9,9,0,0,1,2,9,4,1,1,0,0,1,1,0,0,1,0,0,1,0,0
70,8,Baseline Zero Shot,2,0,0,0,0,0,0,0,0,0,0,0,0,0,1,0,12,8,3,1,4,0,13,4,2,0,0,0,2,1,1,0,1,1,1,0,0,0,2,0,0,1,0,1,0,0,0,0,0,0,0,0,2,0,11,3,2,0,1,0,9,2,3,0,0,0,2,2,1,1,0,1,1,0,0,0,5,0,0,0,0,0,0,0,0,0,0,0,1,0,1,0,11,3,1,0,0,0,5,0,0,0,0,0,4,0,2,0,1,0,1,0,2,0,3,1,0,0,0,0,0,0,0,0,0,0,1,0,1,0,18,9,4,0,2,2,11,4,2,1,0,0,1,1,0,0,0,0,1,1,0,0
71,8,no_system_prompt.jsonl,4,0,0,0,0,0,0,0,0,0,0,0,0,0,1,0,13,8,7,1,2,0,14,4,2,0,0,0,4,1,0,0,4,1,0,0,0,0,1,0,1,1,0,1,0,0,0,0,0,0,0,0,1,0,13,3,1,0,1,0,9,2,4,0,0,0,0,2,0,1,0,1,0,0,0,0,3,0,1,0,0,0,1,0,0,0,0,0,0,0,1,0,21,3,1,0,3,0,8,0,3,0,0,0,3,0,1,0,1,0,1,0,0,0,4,1,0,0,0,0,0,0,0,0,0,0,0,0,1,0,14,9,2,0,1,2,4,4,2,1,0,0,1,1,0,0,0,0,1,1,0,0
72,9,all_4.jsonl,1,0,2,0,1,0,0,0,0,0,0,1,0,0,0,1,14,18,4,9,2,0,8,9,2,0,0,0,3,1,0,0,3,1,0,0,0,0,0,1,4,0,2,0,0,0,0,0,0,0,0,0,2,1,7,18,2,3,0,2,2,5,1,1,0,0,1,0,0,0,1,0,0,0,0,0,4,1,0,0,0,0,0,0,0,0,0,0,0,0,0,0,12,10,2,1,0,1,8,2,1,0,0,0,3,1,0,0,3,1,0,0,0,0,4,5,0,0,0,0,0,0,0,0,0,1,0,0,2,2,19,14,6,4,0,0,6,6,0,1,0,0,0,2,0,0,0,1,0,1,0,0
73,9,conditioning_on_all.jsonl,3,0,0,0,0,0,0,0,0,0,0,1,0,0,1,1,18,18,5,9,4,0,9,9,3,0,0,0,6,1,1,0,3,1,2,0,0,0,1,1,2,0,1,0,0,0,0,0,0,0,0,0,0,1,15,18,1,3,1,2,8,5,3,1,0,0,1,0,0,0,1,0,0,0,0,0,2,1,2,0,0,0,1,0,0,0,1,0,0,0,0,0,10,10,0,1,3,1,9,2,5,0,0,0,3,1,0,0,3,1,0,0,0,0,7,5,0,0,0,0,0,0,0,0,1,1,0,0,1,2,17,14,4,4,1,0,11,6,2,1,0,0,5,2,0,0,3,1,2,1,0,0
74,9,holdout_Text_Anxiety.jsonl,2,0,0,0,0,0,0,0,0,0,0,1,0,0,2,1,16,18,8,9,4,0,9,9,3,0,0,0,4,1,1,0,3,1,1,0,0,0,5,1,0,0,0,0,0,0,0,0,1,0,0,0,0,1,13,18,0,3,0,2,5,5,1,1,0,0,1,0,0,0,1,0,0,0,0,0,3,1,3,0,0,0,1,0,0,0,1,0,0,0,1,0,8,10,2,1,3,1,5,2,4,0,0,0,6,1,1,0,4,1,1,0,0,0,5,5,1,0,0,0,0,0,0,0,1,1,0,0,3,2,18,14,6,4,2,0,10,6,1,1,0,0,4,2,1,0,2,1,1,1,0,0
75,9,holdout_Text_Numeracy.jsonl,3,0,2,0,0,0,1,0,1,0,0,1,1,0,0,1,20,18,5,9,2,0,10,9,2,0,0,0,3,1,0,0,3,1,0,0,0,0,0,1,1,0,0,0,0,0,0,0,0,0,0,0,2,1,10,18,2,3,0,2,4,5,0,1,0,0,1,0,0,0,1,0,0,0,0,0,2,1,0,0,0,0,0,0,0,0,0,0,1,0,0,0,10,10,2,1,0,1,5,2,1,0,0,0,1,1,1,0,0,1,0,0,0,0,5,5,1,0,0,0,0,0,1,0,0,1,0,0,4,2,18,14,6,4,2,0,12,6,4,1,0,0,2,2,2,0,0,1,0,1,0,0
76,9,holdout_Text_SubjectiveLit.jsonl,7,0,0,0,0,0,0,0,0,0,0,1,0,0,2,1,19,18,5,9,2,0,6,9,2,0,0,0,3,1,0,0,2,1,1,0,0,0,4,1,1,0,1,0,0,0,0,0,0,0,0,0,5,1,16,18,5,3,1,2,5,5,1,1,0,0,0,0,0,0,0,0,0,0,0,0,1,1,1,0,0,0,0,0,0,0,0,0,0,0,1,0,13,10,2,1,1,1,5,2,2,0,0,0,5,1,1,0,5,1,0,0,1,0,4,5,1,0,0,0,0,0,0,0,0,1,1,0,1,2,22,14,2,4,3,0,10,6,3,1,0,0,1,2,0,0,0,1,1,1,0,0
77,9,holdout_Text_TrustPhys.jsonl,4,0,1,0,0,0,1,0,0,0,1,1,0,0,2,1,18,18,9,9,5,0,12,9,5,0,0,0,5,1,0,0,3,1,2,0,0,0,1,1,1,0,1,0,0,0,0,0,0,0,1,0,0,1,9,18,0,3,0,2,8,5,1,1,0,0,3,0,0,0,2,0,1,0,0,0,3,1,2,0,0,0,0,0,0,0,0,0,0,0,0,0,14,10,1,1,1,1,6,2,1,0,0,0,5,1,1,0,3,1,2,0,0,0,3,5,0,0,0,0,0,0,0,0,1,1,0,0,1,2,17,14,3,4,2,0,9,6,2,1,0,0,1,2,0,0,1,1,0,1,0,0
78,9,Baseline Zero Shot,3,0,0,0,0,0,0,0,0,0,1,1,0,0,0,1,12,18,4,9,3,0,11,9,2,0,0,0,5,1,0,0,4,1,1,0,0,0,1,1,3,0,1,0,0,0,0,0,0,0,0,0,1,1,18,18,1,3,3,2,8,5,4,1,0,0,1,0,0,0,1,0,0,0,0,0,2,1,0,0,0,0,0,0,0,0,0,0,0,0,0,0,14,10,4,1,1,1,4,2,1,0,0,0,8,1,1,0,6,1,1,0,0,0,4,5,0,0,0,0,0,0,0,0,1,1,0,0,0,2,10,14,2,4,1,0,10,6,2,1,0,0,3,2,0,0,2,1,1,1,0,0
79,9,no_system_prompt.jsonl,1,0,0,0,0,0,0,0,0,0,0,1,0,0,2,1,18,18,7,9,2,0,12,9,1,0,0,0,5,1,0,0,5,1,0,0,0,0,0,1,3,0,2,0,0,0,0,0,0,0,1,0,1,1,16,18,2,3,0,2,8,5,1,1,0,0,1,0,0,0,1,0,0,0,0,0,2,1,2,0,0,0,0,0,1,0,1,0,0,0,0,0,14,10,2,1,0,1,6,2,2,0,0,0,1,1,0,0,1,1,0,0,0,0,7,5,1,0,0,0,0,0,1,0,0,1,0,0,4,2,15,14,5,4,1,0,8,6,2,1,0,0,1,2,1,0,0,1,0,1,0,0
80,10,all_4.jsonl,4,1,0,0,0,0,0,0,0,0,0,0,0,0,1,1,20,8,5,4,5,0,8,1,1,0,0,0,5,0,0,0,3,0,2,0,0,0,3,2,4,0,1,0,0,0,0,0,0,0,0,0,1,0,12,6,1,0,1,0,11,0,4,0,0,0,3,0,0,0,3,0,0,0,0,0,1,2,1,0,0,0,0,0,0,0,0,0,0,0,2,0,10,3,2,0,2,0,9,2,4,0,0,0,7,3,2,0,3,0,2,3,1,0,4,1,1,0,1,0,0,0,0,0,0,0,1,0,3,0,19,3,6,2,4,0,11,4,3,1,0,0,2,1,0,0,1,1,1,0,0,0
81,10,conditioning_on_all.jsonl,4,1,2,0,0,0,1,0,0,0,0,0,0,0,2,1,25,8,9,4,2,0,13,1,2,0,0,0,5,0,0,0,5,0,0,0,0,0,5,2,1,0,0,0,0,0,0,0,0,0,0,0,3,0,19,6,2,0,1,0,6,0,1,0,0,0,5,0,0,0,2,0,2,0,1,0,3,2,1,0,0,0,1,0,0,0,0,0,0,0,2,0,11,3,1,0,1,0,8,2,6,0,0,0,2,3,1,0,1,0,0,3,0,0,4,1,0,0,0,0,0,0,0,0,1,0,0,0,0,0,13,3,2,2,3,0,9,4,1,1,0,0,5,1,0,0,4,1,1,0,0,0
82,10,holdout_Text_Anxiety.jsonl,2,1,0,0,0,0,0,0,0,0,0,0,0,0,1,1,19,8,5,4,2,0,12,1,3,0,0,0,9,0,1,0,6,0,1,0,1,0,2,2,2,0,1,0,0,0,0,0,0,0,1,0,1,0,9,6,1,0,1,0,8,0,4,0,0,0,3,0,0,0,2,0,1,0,0,0,2,2,3,0,0,0,0,0,0,0,1,0,0,0,0,0,8,3,1,0,0,0,7,2,2,0,0,0,5,3,0,0,4,0,1,3,0,0,10,1,1,0,0,0,1,0,0,0,0,0,1,0,2,0,19,3,3,2,6,0,13,4,4,1,0,0,4,1,0,0,3,1,1,0,0,0
83,10,holdout_Text_Numeracy.jsonl,4,1,0,0,0,0,0,0,0,0,0,0,0,0,1,1,18,8,8,4,3,0,10,1,2,0,0,0,4,0,0,0,3,0,1,0,0,0,0,2,2,0,1,0,0,0,0,0,1,0,1,0,1,0,8,6,1,0,1,0,5,0,1,0,0,0,2,0,0,0,2,0,0,0,0,0,2,2,0,0,0,0,0,0,0,0,1,0,0,0,1,0,11,3,3,0,0,0,7,2,1,0,0,0,4,3,2,0,3,0,0,3,1,0,7,1,0,0,0,0,0,0,0,0,0,0,1,0,1,0,18,3,4,2,3,0,11,4,3,1,0,0,1,1,0,0,0,1,1,0,0,0
84,10,holdout_Text_SubjectiveLit.jsonl,3,1,0,0,0,0,0,0,0,0,0,0,0,0,1,1,21,8,6,4,5,0,13,1,3,0,0,0,4,0,0,0,4,0,0,0,0,0,0,2,2,0,1,0,0,0,0,0,0,0,0,0,3,0,15,6,4,0,0,0,8,0,0,0,0,0,4,0,0,0,3,0,1,0,0,0,0,2,0,0,0,0,0,0,0,0,0,0,1,0,0,0,11,3,1,0,1,0,8,2,3,0,0,0,5,3,2,0,3,0,1,3,1,0,4,1,0,0,0,0,0,0,0,0,0,0,0,0,2,0,19,3,3,2,4,0,14,4,6,1,0,0,6,1,0,0,3,1,3,0,0,0
85,10,holdout_Text_TrustPhys.jsonl,3,1,0,0,0,0,0,0,0,0,0,0,0,0,0,1,13,8,4,4,0,0,7,1,1,0,0,0,3,0,0,0,2,0,1,0,0,0,0,2,0,0,0,0,0,0,0,0,0,0,0,0,0,0,15,6,3,0,0,0,8,0,0,0,0,0,0,0,0,0,0,0,0,0,0,0,4,2,1,0,0,0,0,0,1,0,0,0,0,0,2,0,15,3,3,0,0,0,4,2,1,0,0,0,3,3,0,0,1,0,1,3,1,0,3,1,1,0,0,0,1,0,0,0,1,0,0,0,0,0,11,3,0,2,1,0,6,4,2,1,0,0,0,1,0,0,0,1,0,0,0,0
86,10,Baseline Zero Shot,0,1,0,0,0,0,0,0,0,0,2,0,0,0,1,1,10,8,5,4,2,0,12,1,2,0,0,0,5,0,0,0,4,0,1,0,0,0,2,2,3,0,2,0,0,0,0,0,0,0,0,0,2,0,14,6,3,0,2,0,10,0,5,0,0,0,4,0,1,0,2,0,1,0,0,0,2,2,0,0,0,0,0,0,0,0,0,0,0,0,0,0,10,3,1,0,0,0,7,2,3,0,0,0,4,3,2,0,3,0,1,3,2,0,2,1,0,0,0,0,0,0,0,0,0,0,0,0,0,0,16,3,2,2,4,0,9,4,1,1,0,0,2,1,0,0,1,1,1,0,0,0
87,10,no_system_prompt.jsonl,3,1,0,0,0,0,0,0,0,0,1,0,0,0,0,1,14,8,5,4,1,0,10,1,3,0,0,0,5,0,0,0,5,0,0,0,0,0,2,2,1,0,0,0,0,0,0,0,0,0,0,0,3,0,8,6,2,0,0,0,5,0,2,0,0,0,2,0,0,0,1,0,1,0,0,0,1,2,0,0,0,0,0,0,0,0,0,0,0,0,1,0,15,3,5,0,2,0,5,2,1,0,0,0,4,3,2,0,2,0,1,3,1,0,5,1,0,0,0,0,0,0,0,0,0,0,1,0,0,0,12,3,1,2,1,0,7,4,0,1,0,0,1,1,0,0,1,1,0,0,0,0
88,11,all_4.jsonl,2,1,1,0,0,0,1,0,0,0,1,2,0,0,2,1,20,18,8,5,2,0,7,3,1,0,0,0,3,3,0,0,2,3,1,0,0,0,1,5,1,1,0,1,0,0,0,0,0,0,0,0,2,0,15,11,3,0,0,0,7,2,0,0,0,0,0,2,0,0,0,1,0,1,0,0,2,4,0,1,0,0,0,0,0,0,0,0,0,0,1,0,12,7,4,0,0,0,8,4,1,1,0,0,1,3,0,0,1,2,0,0,0,1,4,1,0,0,0,0,0,0,0,0,0,0,0,0,1,0,20,8,1,0,2,0,7,6,3,0,0,0,3,1,1,0,1,1,2,0,0,0
89,11,conditioning_on_all.jsonl,2,1,0,0,0,0,0,0,0,0,0,2,0,0,0,1,21,18,6,5,2,0,8,3,1,0,0,0,6,3,0,0,4,3,2,0,0,0,4,5,1,1,0,1,0,0,0,0,1,0,0,0,2,0,14,11,2,0,2,0,5,2,2,0,0,0,2,2,0,0,1,1,1,1,0,0,2,4,0,1,0,0,0,0,0,0,0,0,0,0,4,0,17,7,1,0,0,0,9,4,2,1,0,0,8,3,3,0,2,2,2,0,1,1,3,1,0,0,0,0,0,0,0,0,0,0,1,0,3,0,17,8,4,0,2,0,10,6,2,0,0,0,4,1,0,0,2,1,2,0,0,0
90,11,holdout_Text_Anxiety.jsonl,2,1,0,0,0,0,0,0,0,0,1,2,0,0,2,1,21,18,7,5,3,0,10,3,4,0,1,0,5,3,0,0,4,3,1,0,0,0,1,5,2,1,1,1,0,0,1,0,0,0,2,0,1,0,10,11,3,0,1,0,5,2,0,0,0,0,0,2,0,0,0,1,0,1,0,0,3,4,0,1,0,0,0,0,0,0,0,0,0,0,0,0,20,7,3,0,0,0,7,4,2,1,0,0,4,3,0,0,3,2,1,0,0,1,3,1,1,0,0,0,0,0,0,0,1,0,1,0,2,0,20,8,4,0,3,0,7,6,1,0,0,0,3,1,0,0,3,1,0,0,0,0
91,11,holdout_Text_Numeracy.jsonl,3,1,0,0,0,0,0,0,0,0,1,2,0,0,2,1,24,18,9,5,5,0,12,3,4,0,0,0,3,3,0,0,2,3,1,0,0,0,1,5,0,1,0,1,0,0,0,0,0,0,0,0,3,0,13,11,4,0,1,0,5,2,0,0,0,0,1,2,0,0,1,1,0,1,0,0,6,4,0,1,0,0,0,0,0,0,1,0,0,0,0,0,10,7,1,0,0,0,4,4,0,1,0,0,3,3,0,0,3,2,0,0,0,1,2,1,0,0,0,0,0,0,0,0,0,0,1,0,2,0,14,8,3,0,1,0,4,6,1,0,0,0,1,1,0,0,1,1,0,0,0,0
92,11,holdout_Text_SubjectiveLit.jsonl,2,1,0,0,0,0,0,0,0,0,1,2,0,0,1,1,16,18,2,5,0,0,8,3,3,0,0,0,1,3,0,0,1,3,0,0,0,0,0,5,2,1,2,1,0,0,0,0,0,0,2,0,1,0,12,11,1,0,0,0,6,2,1,0,0,0,2,2,0,0,1,1,1,1,0,0,1,4,1,1,0,0,0,0,1,0,0,0,1,0,0,0,12,7,2,0,0,0,7,4,3,1,0,0,1,3,0,0,1,2,0,0,0,1,4,1,0,0,0,0,0,0,0,0,1,0,0,0,2,0,19,8,5,0,3,0,7,6,5,0,0,0,1,1,0,0,1,1,0,0,0,0
93,11,holdout_Text_TrustPhys.jsonl,3,1,1,0,0,0,0,0,0,0,1,2,0,0,1,1,18,18,6,5,2,0,6,3,2,0,0,0,4,3,0,0,3,3,1,0,0,0,0,5,1,1,1,1,0,0,0,0,0,0,0,0,2,0,12,11,3,0,1,0,3,2,0,0,0,0,2,2,0,0,1,1,1,1,0,0,3,4,0,1,0,0,0,0,0,0,0,0,0,0,0,0,11,7,2,0,0,0,5,4,1,1,0,0,2,3,0,0,2,2,0,0,0,1,7,1,1,0,0,0,1,0,0,0,0,0,0,0,2,0,17,8,2,0,4,0,7,6,4,0,0,0,1,1,0,0,0,1,1,0,0,0
94,11,Baseline Zero Shot,2,1,0,0,0,0,0,0,0,0,0,2,0,0,1,1,11,18,4,5,2,0,11,3,3,0,0,0,3,3,0,0,3,3,0,0,0,0,1,5,3,1,1,1,0,0,0,0,0,0,0,0,3,0,12,11,3,0,1,0,9,2,5,0,0,0,3,2,1,0,1,1,1,1,0,0,4,4,0,1,0,0,0,0,0,0,0,0,0,0,2,0,12,7,3,0,0,0,9,4,4,1,0,0,3,3,1,0,2,2,0,0,2,1,6,1,0,0,0,0,0,0,0,0,1,0,1,0,2,0,17,8,4,0,1,0,13,6,2,0,0,0,0,1,0,0,0,1,0,0,0,0
95,11,no_system_prompt.jsonl,3,1,0,0,0,0,0,0,0,0,0,2,0,0,1,1,18,18,6,5,2,0,14,3,2,0,0,0,6,3,0,0,6,3,0,0,0,0,0,5,2,1,1,1,0,0,0,0,0,0,0,0,2,0,13,11,3,0,0,0,6,2,2,0,0,0,1,2,0,0,1,1,0,1,0,0,1,4,0,1,0,0,0,0,0,0,0,0,0,0,0,0,10,7,2,0,2,0,12,4,1,1,0,0,3,3,1,0,1,2,2,0,0,1,7,1,0,0,0,0,0,0,0,0,1,0,0,0,1,0,15,8,3,0,1,0,7,6,0,0,0,0,1,1,0,0,1,1,0,0,0,0
96,12,all_4.jsonl,5,0,0,0,0,0,0,0,0,0,1,0,0,1,0,0,13,11,6,3,2,0,10,8,2,0,0,0,6,0,1,0,4,0,1,0,0,0,0,2,1,0,0,0,0,0,0,0,0,0,0,1,1,2,12,8,2,2,0,0,10,8,2,2,0,0,3,0,0,0,2,0,1,0,0,0,4,2,2,0,0,0,1,0,0,0,0,0,0,0,1,0,15,5,4,0,2,1,10,7,4,1,0,0,6,0,1,0,2,0,4,0,0,0,6,4,0,0,0,0,0,0,0,0,0,0,0,2,1,0,19,14,4,3,2,1,11,7,2,0,0,0,3,0,0,0,1,0,2,0,0,0
97,12,conditioning_on_all.jsonl,1,0,0,0,0,0,0,0,0,0,0,0,0,1,0,0,17,11,5,3,2,0,8,8,1,0,0,0,4,0,0,0,3,0,1,0,0,0,0,2,0,0,0,0,0,0,0,0,1,0,0,1,2,2,21,8,5,2,0,0,7,8,0,2,0,0,3,0,0,0,3,0,0,0,0,0,0,2,1,0,0,0,1,0,0,0,0,0,0,0,2,0,16,5,2,0,2,1,10,7,5,1,0,0,6,0,2,0,2,0,2,0,0,0,5,4,0,0,0,0,0,0,0,0,0,0,1,2,1,0,13,14,4,3,1,1,11,7,4,0,0,0,4,0,0,0,2,0,1,0,1,0
98,12,holdout_Text_Anxiety.jsonl,2,0,0,0,0,0,0,0,0,0,0,0,1,1,1,0,15,11,4,3,2,0,10,8,3,0,0,0,3,0,0,0,2,0,1,0,0,0,0,2,1,0,1,0,0,0,0,0,0,0,0,1,1,2,13,8,2,2,0,0,5,8,0,2,0,0,3,0,0,0,2,0,1,0,0,0,2,2,0,0,0,0,0,0,0,0,0,0,0,0,0,0,14,5,2,0,3,1,18,7,5,1,0,0,5,0,1,0,3,0,1,0,0,0,4,4,0,0,0,0,0,0,0,0,0,0,1,2,1,0,19,14,4,3,3,1,10,7,3,0,0,0,2,0,0,0,1,0,1,0,0,0
99,12,holdout_Text_Numeracy.jsonl,6,0,0,0,0,0,0,0,0,0,0,0,0,1,2,0,17,11,6,3,3,0,12,8,3,0,0,0,7,0,1,0,5,0,1,0,0,0,1,2,2,0,1,0,0,0,0,0,0,0,1,1,3,2,10,8,3,2,1,0,6,8,0,2,0,0,5,0,0,0,5,0,0,0,0,0,4,2,0,0,0,0,0,0,0,0,2,0,0,0,1,0,8,5,0,0,0,1,6,7,1,1,0,0,1,0,0,0,1,0,0,0,0,0,3,4,0,0,0,0,0,0,0,0,0,0,0,2,3,0,22,14,7,3,2,1,11,7,3,0,0,0,4,0,0,0,2,0,2,0,0,0
100,12,holdout_Text_SubjectiveLit.jsonl,5,0,0,0,0,0,0,0,0,0,0,0,0,1,0,0,12,11,3,3,3,0,10,8,2,0,0,0,4,0,0,0,3,0,1,0,0,0,1,2,2,0,1,0,0,0,0,0,0,0,0,1,3,2,12,8,3,2,0,0,8,8,3,2,0,0,1,0,0,0,1,0,0,0,0,0,3,2,1,0,0,0,1,0,0,0,0,0,1,0,0,0,13,5,3,0,4,1,10,7,3,1,0,0,9,0,1,0,4,0,4,0,0,0,5,4,0,0,0,0,0,0,0,0,0,0,0,2,1,0,20,14,3,3,3,1,9,7,3,0,0,0,4,0,1,0,1,0,2,0,0,0
101,12,holdout_Text_TrustPhys.jsonl,6,0,0,0,0,0,0,0,0,0,0,0,0,1,1,0,13,11,7,3,1,0,14,8,3,0,0,0,3,0,0,0,3,0,0,0,0,0,0,2,1,0,1,0,0,0,0,0,0,0,1,1,1,2,14,8,3,2,0,0,9,8,4,2,0,0,2,0,0,0,2,0,0,0,0,0,1,2,1,0,0,0,1,0,0,0,0,0,0,0,0,0,16,5,1,0,5,1,14,7,6,1,0,0,3,0,0,0,2,0,1,0,0,0,6,4,0,0,0,0,0,0,0,0,0,0,1,2,3,0,16,14,3,3,1,1,8,7,1,0,0,0,2,0,1,0,0,0,1,0,0,0
102,12,Baseline Zero Shot,2,0,0,0,0,0,0,0,0,0,0,0,0,1,1,0,10,11,3,3,2,0,9,8,3,0,0,0,3,0,1,0,1,0,2,0,0,0,1,2,2,0,1,0,0,0,0,0,0,0,0,1,3,2,12,8,4,2,1,0,9,8,5,2,0,0,3,0,0,0,2,0,1,0,0,0,0,2,0,0,0,0,0,0,0,0,1,0,0,0,1,0,8,5,2,0,0,1,19,7,7,1,0,0,3,0,1,0,2,0,0,0,0,0,3,4,1,0,0,0,0,0,0,0,1,0,1,2,0,0,12,14,1,3,2,1,14,7,3,0,0,0,3,0,0,0,1,0,2,0,0,0
103,12,no_system_prompt.jsonl,2,0,0,0,0,0,0,0,0,0,0,0,0,1,1,0,14,11,4,3,2,0,10,8,1,0,0,0,4,0,0,0,3,0,1,0,0,0,1,2,2,0,2,0,0,0,0,0,0,0,0,1,2,2,17,8,2,2,1,0,5,8,1,2,0,0,1,0,0,0,1,0,0,0,0,0,5,2,0,0,0,0,0,0,0,0,0,0,1,0,0,0,9,5,1,0,0,1,14,7,5,1,0,0,3,0,1,0,2,0,0,0,0,0,7,4,1,0,0,0,1,0,0,0,0,0,2,2,1,0,16,14,4,3,4,1,11,7,3,0,0,0,3,0,1,0,1,0,1,0,0,0
104,13,all_4.jsonl,5,3,0,0,0,0,0,0,0,0,0,0,0,0,1,0,14,7,5,1,2,0,9,6,3,1,0,0,4,2,0,0,4,2,0,0,0,0,2,4,4,1,2,0,0,0,0,0,0,0,0,0,1,0,15,4,1,0,0,1,4,2,0,1,0,0,1,0,0,0,1,0,0,0,0,0,2,2,0,0,0,0,0,0,0,0,0,0,0,0,1,1,13,13,3,3,0,0,5,5,1,1,0,0,2,2,0,0,1,1,1,1,0,0,3,3,0,0,0,0,0,0,0,0,1,0,1,0,2,0,14,5,3,0,2,0,10,6,3,1,0,0,3,1,0,0,2,1,1,0,0,0
105,13,conditioning_on_all.jsonl,7,3,0,0,0,0,0,0,0,0,1,0,1,0,2,0,21,7,8,1,1,0,12,6,3,1,0,0,4,2,0,0,4,2,0,0,0,0,3,4,1,1,1,0,0,0,0,0,1,0,0,0,1,0,18,4,5,0,0,1,8,2,1,1,0,0,2,0,0,0,1,0,1,0,0,0,0,2,1,0,0,0,0,0,0,0,0,0,0,0,1,1,12,13,0,3,0,0,10,5,2,1,0,0,3,2,1,0,2,1,0,1,0,0,5,3,0,0,0,0,0,0,0,0,0,0,1,0,1,0,18,5,2,0,3,0,12,6,1,1,0,0,6,1,0,0,4,1,2,0,0,0
106,13,holdout_Text_Anxiety.jsonl,3,3,0,0,0,0,0,0,0,0,0,0,0,0,0,0,18,7,6,1,4,0,11,6,2,1,0,0,6,2,0,0,5,2,1,0,0,0,3,4,1,1,0,0,0,0,0,0,1,0,1,0,1,0,15,4,4,0,3,1,6,2,0,1,0,0,2,0,1,0,0,0,1,0,0,0,0,2,1,0,0,0,1,0,0,0,1,0,0,0,1,1,15,13,2,3,2,0,8,5,3,1,0,0,4,2,0,0,3,1,0,1,1,0,8,3,2,0,1,0,1,0,0,0,0,0,0,0,2,0,17,5,2,0,4,0,12,6,3,1,0,0,5,1,1,0,3,1,1,0,0,0
107,13,holdout_Text_Numeracy.jsonl,3,3,0,0,0,0,0,0,0,0,0,0,0,0,1,0,12,7,5,1,2,0,10,6,3,1,0,0,3,2,0,0,2,2,1,0,0,0,2,4,2,1,1,0,0,0,0,0,0,0,0,0,0,0,8,4,0,0,0,1,7,2,3,1,0,0,3,0,0,0,3,0,0,0,0,0,1,2,0,0,0,0,0,0,0,0,0,0,0,0,1,1,15,13,5,3,0,0,4,5,1,1,0,0,3,2,1,0,2,1,0,1,0,0,4,3,0,0,0,0,0,0,0,0,0,0,1,0,0,0,12,5,0,0,2,0,7,6,1,1,0,0,1,1,0,0,0,1,1,0,0,0
108,13,holdout_Text_SubjectiveLit.jsonl,3,3,0,0,0,0,0,0,0,0,0,0,1,0,1,0,15,7,6,1,1,0,14,6,4,1,0,0,7,2,0,0,5,2,1,0,1,0,0,4,2,1,1,0,0,0,0,0,0,0,0,0,2,0,7,4,2,0,1,1,7,2,3,1,0,0,2,0,0,0,1,0,1,0,0,0,0,2,1,0,0,0,0,0,0,0,0,0,3,0,1,1,15,13,1,3,2,0,7,5,2,1,0,0,4,2,3,0,2,1,0,1,1,0,3,3,0,0,0,0,0,0,0,0,0,0,1,0,0,0,15,5,2,0,1,0,7,6,0,1,0,0,1,1,0,0,1,1,0,0,0,0
109,13,holdout_Text_TrustPhys.jsonl,3,3,0,0,0,0,0,0,0,0,0,0,1,0,1,0,11,7,3,1,0,0,8,6,1,1,0,0,4,2,0,0,4,2,0,0,0,0,3,4,1,1,1,0,0,0,0,0,0,0,0,0,1,0,15,4,3,0,1,1,7,2,3,1,0,0,2,0,0,0,2,0,0,0,0,0,2,2,0,0,0,0,0,0,0,0,0,0,4,0,1,1,10,13,1,3,0,0,8,5,1,1,0,0,7,2,4,0,2,1,0,1,1,0,3,3,0,0,0,0,0,0,0,0,0,0,0,0,0,0,11,5,1,0,0,0,8,6,4,1,0,0,1,1,0,0,1,1,0,0,0,0
110,13,Baseline Zero Shot,2,3,0,0,0,0,0,0,0,0,0,0,0,0,0,0,11,7,3,1,1,0,11,6,2,1,0,0,4,2,1,0,3,2,1,0,0,0,2,4,0,1,0,0,0,0,0,0,0,0,0,0,2,0,13,4,3,0,3,1,12,2,3,1,0,0,2,0,1,0,0,0,2,0,0,0,4,2,1,0,0,0,1,0,0,0,0,0,0,0,0,1,11,13,4,3,1,0,5,5,3,1,0,0,6,2,1,0,2,1,4,1,0,0,4,3,1,0,1,0,0,0,0,0,0,0,1,0,2,0,25,5,2,0,3,0,13,6,2,1,0,0,2,1,0,0,0,1,2,0,0,0
111,13,no_system_prompt.jsonl,4,3,0,0,0,0,0,0,0,0,0,0,0,0,1,0,16,7,6,1,1,0,9,6,1,1,0,0,3,2,0,0,3,2,0,0,0,0,0,4,0,1,0,0,0,0,0,0,0,0,0,0,2,0,7,4,2,0,1,1,8,2,3,1,0,0,2,0,0,0,2,0,0,0,0,0,1,2,1,0,0,0,1,0,0,0,0,0,0,0,0,1,10,13,3,3,2,0,8,5,5,1,0,0,5,2,1,0,3,1,1,1,0,0,6,3,0,0,0,0,0,0,0,0,1,0,0,0,3,0,17,5,4,0,3,0,13,6,3,1,0,0,1,1,0,0,0,1,1,0,0,0
112,14,all_4.jsonl,3,5,0,0,0,0,0,0,0,0,0,3,0,0,1,1,21,19,7,6,1,2,13,16,2,4,0,0,6,4,1,0,4,2,2,2,0,0,1,2,3,0,1,0,1,0,0,0,0,0,1,0,0,0,16,8,0,0,1,0,5,1,2,0,0,0,3,3,0,0,2,3,1,0,0,0,1,2,1,1,0,0,0,1,0,0,0,0,3,0,1,0,14,11,1,0,0,1,6,9,2,5,0,0,2,0,2,0,0,0,0,0,0,0,4,1,0,0,0,0,0,0,0,0,0,0,2,3,0,0,10,14,2,0,1,0,9,10,1,0,0,0,2,3,1,0,1,1,0,1,0,1
113,14,conditioning_on_all.jsonl,1,5,0,0,0,0,0,0,0,0,1,3,0,0,0,1,21,19,8,6,1,2,11,16,3,4,0,0,7,4,0,0,7,2,0,2,0,0,1,2,2,0,0,0,0,0,0,0,0,0,0,0,1,0,19,8,3,0,2,0,10,1,3,0,0,0,5,3,0,0,4,3,1,0,0,0,4,2,1,1,0,0,0,1,0,0,0,0,3,0,0,0,13,11,1,0,1,1,7,9,3,5,0,0,4,0,3,0,1,0,0,0,0,0,2,1,0,0,0,0,0,0,0,0,0,0,0,3,1,0,15,14,4,0,1,0,11,10,2,0,0,0,2,3,0,0,0,1,2,1,0,1
114,14,holdout_Text_Anxiety.jsonl,5,5,0,0,0,0,0,0,0,0,1,3,0,0,1,1,19,19,4,6,2,2,13,16,4,4,0,0,4,4,0,0,3,2,1,2,0,0,0,2,1,0,0,0,0,0,0,0,1,0,0,0,0,0,18,8,1,0,1,0,12,1,6,0,0,0,5,3,0,0,4,3,1,0,0,0,1,2,3,1,0,0,0,1,0,0,0,0,1,0,2,0,12,11,2,0,0,1,8,9,3,5,0,0,5,0,4,0,2,0,0,0,1,0,6,1,0,0,0,0,0,0,0,0,0,0,1,3,1,0,16,14,5,0,1,0,9,10,2,0,0,0,1,3,0,0,1,1,0,1,0,1
115,14,holdout_Text_Numeracy.jsonl,4,5,1,0,0,0,0,0,1,0,0,3,0,0,1,1,17,19,7,6,0,2,5,16,0,4,0,0,2,4,0,0,2,2,0,2,0,0,3,2,3,0,1,0,1,0,0,0,0,0,1,0,1,0,20,8,3,0,1,0,6,1,0,0,0,0,3,3,0,0,2,3,1,0,0,0,2,2,1,1,0,0,1,1,0,0,1,0,0,0,1,0,17,11,2,0,2,1,9,9,5,5,0,0,1,0,0,0,1,0,0,0,0,0,3,1,0,0,0,0,0,0,0,0,0,0,0,3,1,0,16,14,3,0,1,0,17,10,3,0,0,0,1,3,0,0,1,1,0,1,0,1
116,14,holdout_Text_SubjectiveLit.jsonl,3,5,0,0,0,0,0,0,0,0,0,3,0,0,0,1,23,19,6,6,2,2,13,16,2,4,0,0,4,4,0,0,3,2,1,2,0,0,1,2,1,0,1,0,0,0,0,0,0,0,0,0,2,0,14,8,1,0,1,0,4,1,2,0,0,0,2,3,0,0,2,3,0,0,0,0,3,2,1,1,0,0,1,1,0,0,1,0,0,0,0,0,10,11,1,0,0,1,4,9,1,5,0,0,4,0,0,0,2,0,0,0,2,0,3,1,0,0,0,0,0,0,0,0,0,0,1,3,0,0,15,14,3,0,2,0,18,10,5,0,0,0,0,3,0,0,0,1,0,1,0,1
117,14,holdout_Text_TrustPhys.jsonl,3,5,0,0,0,0,0,0,0,0,0,3,0,0,1,1,27,19,7,6,3,2,12,16,4,4,0,0,4,4,0,0,3,2,1,2,0,0,1,2,2,0,1,0,0,0,0,0,0,0,1,0,1,0,13,8,2,0,2,0,11,1,5,0,0,0,5,3,1,0,3,3,1,0,0,0,6,2,2,1,0,0,1,1,0,0,0,0,1,0,1,0,10,11,2,0,0,1,10,9,5,5,0,0,4,0,2,0,2,0,0,0,0,0,2,1,0,0,0,0,0,0,0,0,1,0,1,3,0,0,19,14,3,0,2,0,15,10,2,0,0,0,2,3,0,0,1,1,1,1,0,1
118,14,Baseline Zero Shot,2,5,1,0,1,0,0,0,0,0,0,3,0,0,2,1,12,19,3,6,2,2,11,16,2,4,0,0,1,4,0,0,1,2,0,2,0,0,1,2,2,0,1,0,0,0,0,0,0,0,1,0,1,0,8,8,1,0,0,0,8,1,3,0,0,0,2,3,0,0,2,3,0,0,0,0,5,2,1,1,0,0,0,1,0,0,1,0,1,0,0,0,11,11,1,0,0,1,11,9,1,5,0,0,5,0,2,0,3,0,1,0,1,0,5,1,0,0,0,0,0,0,0,0,0,0,1,3,1,0,15,14,3,0,2,0,11,10,2,0,0,0,1,3,0,0,1,1,0,1,0,1
119,14,no_system_prompt.jsonl,3,5,1,0,0,0,0,0,0,0,1,3,0,0,1,1,21,19,7,6,2,2,16,16,3,4,0,0,5,4,0,0,5,2,0,2,0,0,2,2,3,0,1,0,0,0,0,0,0,0,0,0,1,0,16,8,3,0,1,0,5,1,1,0,0,0,4,3,0,0,3,3,1,0,0,0,0,2,0,1,0,0,0,1,0,0,0,0,2,0,1,0,13,11,2,0,2,1,4,9,0,5,0,0,4,0,3,0,0,0,2,0,0,0,3,1,0,0,0,0,0,0,0,0,0,0,2,3,1,0,13,14,2,0,1,0,15,10,3,0,0,0,3,3,1,0,2,1,0,1,0,1
120,15,all_4.jsonl,3,2,0,0,0,0,0,0,0,0,1,0,0,0,0,0,14,4,6,1,1,2,4,1,0,1,0,0,2,1,0,0,1,0,1,1,0,0,0,2,1,0,1,0,0,0,0,0,0,1,0,0,2,0,9,2,2,0,1,0,4,1,2,0,0,0,1,0,0,0,0,0,1,0,0,0,1,2,2,0,0,0,0,0,0,0,0,0,0,0,0,0,10,5,1,0,1,0,7,1,3,0,0,0,2,0,0,0,2,0,0,0,0,0,5,2,0,0,0,0,0,0,0,0,1,0,0,0,0,0,14,3,3,0,2,1,9,6,2,0,0,0,2,0,0,0,1,0,1,0,0,0
121,15,conditioning_on_all.jsonl,2,2,1,0,0,0,1,0,0,0,0,0,0,0,1,0,25,4,8,1,3,2,10,1,5,1,0,0,4,1,0,0,3,0,1,1,0,0,3,2,0,0,0,0,0,0,0,0,0,1,0,0,2,0,14,2,6,0,0,0,9,1,1,0,0,0,5,0,2,0,2,0,2,0,1,0,1,2,0,0,0,0,0,0,0,0,2,0,0,0,1,0,11,5,2,0,0,0,6,1,1,0,0,0,1,0,1,0,0,0,0,0,0,0,6,2,0,0,0,0,0,0,0,0,0,0,0,0,2,0,14,3,2,0,3,1,9,6,1,0,0,0,3,0,0,0,0,0,2,0,1,0
122,15,holdout_Text_Anxiety.jsonl,2,2,0,0,0,0,0,0,0,0,0,0,0,0,1,0,12,4,5,1,1,2,10,1,1,1,0,0,5,1,0,0,5,0,0,1,0,0,1,2,0,0,0,0,0,0,0,0,0,1,0,0,2,0,10,2,3,0,1,0,4,1,0,0,0,0,2,0,0,0,0,0,2,0,0,0,4,2,0,0,0,0,0,0,0,0,0,0,0,0,0,0,6,5,3,0,0,0,13,1,5,0,0,0,2,0,0,0,2,0,0,0,0,0,5,2,0,0,0,0,0,0,0,0,0,0,0,0,0,0,19,3,2,0,3,1,11,6,2,0,0,0,2,0,0,0,1,0,1,0,0,0
123,15,holdout_Text_Numeracy.jsonl,2,2,0,0,0,0,0,0,0,0,0,0,0,0,0,0,15,4,4,1,3,2,9,1,2,1,0,0,5,1,0,0,4,0,1,1,0,0,2,2,2,0,0,0,0,0,0,0,1,1,0,0,1,0,12,2,2,0,1,0,3,1,1,0,0,0,1,0,0,0,1,0,0,0,0,0,2,2,0,0,0,0,0,0,0,0,0,0,1,0,2,0,6,5,1,0,0,0,10,1,2,0,0,0,3,0,2,0,1,0,0,0,0,0,1,2,1,0,1,0,0,0,0,0,0,0,0,0,2,0,11,3,3,0,2,1,9,6,2,0,0,0,2,0,0,0,1,0,1,0,0,0
124,15,holdout_Text_SubjectiveLit.jsonl,4,2,0,0,0,0,0,0,0,0,0,0,0,0,1,0,19,4,5,1,3,2,14,1,3,1,0,0,4,1,0,0,4,0,0,1,0,0,1,2,1,0,0,0,0,0,0,0,1,1,1,0,1,0,15,2,3,0,1,0,6,1,1,0,0,0,1,0,0,0,1,0,0,0,0,0,2,2,2,0,0,0,1,0,1,0,0,0,0,0,0,0,18,5,1,0,6,0,4,1,1,0,0,0,5,0,2,0,4,0,1,0,2,0,5,2,0,0,0,0,0,0,0,0,0,0,2,0,2,0,17,3,4,0,2,1,11,6,1,0,0,0,3,0,1,0,1,0,1,0,0,0
125,15,holdout_Text_TrustPhys.jsonl,5,2,0,0,0,0,0,0,0,0,0,0,0,0,1,0,18,4,9,1,2,2,10,1,1,1,0,0,3,1,0,0,3,0,0,1,0,0,1,2,1,0,0,0,0,0,0,0,0,1,0,0,0,0,10,2,0,0,0,0,10,1,3,0,0,0,3,0,0,0,3,0,0,0,0,0,1,2,0,0,0,0,0,0,0,0,0,0,0,0,2,0,15,5,3,0,2,0,11,1,6,0,0,0,4,0,2,0,1,0,1,0,0,0,3,2,1,0,0,0,0,0,0,0,2,0,1,0,0,0,15,3,4,0,3,1,14,6,3,0,0,0,2,0,0,0,1,0,1,0,0,0
126,15,Baseline Zero Shot,1,2,0,0,0,0,0,0,0,0,0,0,0,0,0,0,12,4,3,1,4,2,20,1,2,1,0,0,10,1,0,0,7,0,3,1,0,0,3,2,3,0,1,0,0,0,0,0,0,1,0,0,3,0,18,2,3,0,1,0,10,1,4,0,0,0,5,0,1,0,4,0,1,0,0,0,1,2,2,0,0,0,1,0,0,0,0,0,0,0,0,0,12,5,2,0,2,0,7,1,5,0,0,0,4,0,2,0,3,0,0,0,1,0,3,2,0,0,0,0,0,0,0,0,0,0,0,0,1,0,15,3,3,0,2,1,10,6,3,0,0,0,2,0,0,0,1,0,1,0,0,0
127,15,no_system_prompt.jsonl,7,2,0,0,0,0,0,0,0,0,1,0,0,0,1,0,12,4,6,1,2,2,6,1,2,1,0,0,1,1,0,0,1,0,0,1,0,0,0,2,0,0,0,0,0,0,0,0,0,1,0,0,1,0,8,2,1,0,1,0,5,1,3,0,0,0,1,0,0,0,1,0,0,0,0,0,1,2,0,0,0,0,0,0,0,0,0,0,0,0,0,0,8,5,1,0,1,0,3,1,2,0,0,0,0,0,0,0,0,0,0,0,0,0,5,2,0,0,0,0,0,0,0,0,0,0,1,0,1,0,10,3,4,0,1,1,8,6,1,0,0,0,1,0,0,0,1,0,0,0,0,0
128,16,all_4.jsonl,5,1,0,0,0,0,0,0,0,0,0,0,0,0,1,2,14,16,7,2,2,2,12,8,3,2,0,0,4,2,0,0,4,2,0,0,0,0,2,0,0,1,0,0,0,0,0,0,1,1,0,0,2,0,15,3,4,0,1,0,11,2,3,0,0,0,4,1,0,0,3,1,1,0,0,0,3,5,0,0,0,0,0,0,0,0,0,0,0,0,0,0,11,8,5,2,1,0,12,6,3,1,0,0,4,1,1,0,3,1,0,0,0,0,6,3,0,0,0,0,0,0,0,0,0,0,0,0,1,0,12,5,3,1,0,0,12,6,2,1,0,0,3,1,0,0,3,1,0,0,0,0
129,16,conditioning_on_all.jsonl,0,1,0,0,0,0,0,0,0,0,0,0,0,0,0,2,16,16,4,2,2,2,14,8,5,2,0,0,8,2,0,0,8,2,0,0,0,0,2,0,0,1,0,0,0,0,0,0,0,1,0,0,1,0,16,3,1,0,1,0,6,2,3,0,0,0,1,1,0,0,1,1,0,0,0,0,2,5,0,0,0,0,0,0,0,0,0,0,1,0,0,0,11,8,0,2,0,0,7,6,2,1,0,0,2,1,1,0,1,1,0,0,0,0,6,3,0,0,0,0,0,0,0,0,0,0,0,0,0,0,15,5,3,1,1,0,13,6,4,1,0,0,4,1,0,0,3,1,1,0,0,0
130,16,holdout_Text_Anxiety.jsonl,4,1,0,0,0,0,0,0,0,0,1,0,0,0,1,2,17,16,5,2,7,2,19,8,5,2,0,0,6,2,0,0,5,2,1,0,0,0,1,0,2,1,1,0,0,0,0,0,0,1,0,0,2,0,11,3,2,0,1,0,2,2,0,0,0,0,2,1,0,0,0,1,2,0,0,0,1,5,0,0,0,0,0,0,0,0,1,0,0,0,0,0,11,8,1,2,1,0,13,6,3,1,0,0,1,1,1,0,0,1,0,0,0,0,3,3,0,0,0,0,0,0,0,0,1,0,1,0,1,0,11,5,3,1,1,0,13,6,1,1,0,0,2,1,0,0,2,1,0,0,0,0
131,16,holdout_Text_Numeracy.jsonl,1,1,0,0,0,0,0,0,0,0,0,0,0,0,0,2,17,16,4,2,2,2,15,8,1,2,0,0,7,2,0,0,6,2,1,0,0,0,1,0,3,1,2,0,0,0,0,0,0,1,0,0,0,0,9,3,0,0,1,0,4,2,2,0,0,0,1,1,0,0,1,1,0,0,0,0,3,5,0,0,0,0,0,0,0,0,1,0,0,0,0,0,15,8,1,2,0,0,14,6,4,1,0,0,4,1,0,0,3,1,1,0,0,0,5,3,0,0,0,0,0,0,0,0,0,0,0,0,1,0,8,5,1,1,2,0,10,6,2,1,0,0,3,1,0,0,2,1,1,0,0,0
132,16,holdout_Text_SubjectiveLit.jsonl,1,1,1,0,0,0,1,0,0,0,0,0,0,0,1,2,16,16,4,2,2,2,9,8,2,2,0,0,7,2,0,0,7,2,0,0,0,0,4,0,0,1,0,0,0,0,0,0,0,1,0,0,3,0,10,3,4,0,0,0,5,2,2,0,0,0,1,1,0,0,1,1,0,0,0,0,3,5,0,0,0,0,0,0,0,0,1,0,2,0,0,0,11,8,1,2,0,0,5,6,1,1,0,0,5,1,2,0,3,1,0,0,0,0,4,3,0,0,0,0,0,0,0,0,0,0,0,0,1,0,12,5,3,1,0,0,12,6,1,1,0,0,1,1,0,0,1,1,0,0,0,0
133,16,holdout_Text_TrustPhys.jsonl,2,1,0,0,0,0,0,0,0,0,0,0,0,0,1,2,17,16,5,2,1,2,10,8,2,2,0,0,4,2,0,0,3,2,1,0,0,0,1,0,0,1,0,0,0,0,0,0,1,1,0,0,3,0,13,3,3,0,0,0,2,2,1,0,0,0,1,1,0,0,0,1,1,0,0,0,4,5,4,0,0,0,2,0,0,0,0,0,0,0,1,0,18,8,4,2,1,0,12,6,4,1,0,0,5,1,0,0,4,1,1,0,0,0,3,3,0,0,0,0,0,0,0,0,0,0,0,0,0,0,15,5,1,1,1,0,11,6,3,1,0,0,3,1,0,0,1,1,2,0,0,0
134,16,Baseline Zero Shot,2,1,0,0,0,0,0,0,0,0,0,0,0,0,1,2,11,16,4,2,3,2,11,8,1,2,0,0,7,2,2,0,4,2,3,0,0,0,1,0,1,1,1,0,0,0,0,0,0,1,1,0,2,0,14,3,2,0,3,0,12,2,4,0,0,0,0,1,0,0,0,1,0,0,0,0,3,5,2,0,0,0,1,0,0,0,1,0,1,0,0,0,12,8,1,2,1,0,12,6,2,1,0,0,3,1,1,0,2,1,1,0,1,0,5,3,0,0,0,0,0,0,0,0,0,0,1,0,2,0,18,5,4,1,4,0,17,6,6,1,0,0,4,1,0,0,2,1,2,0,0,0
135,16,no_system_prompt.jsonl,9,1,0,0,0,0,0,0,0,0,0,0,1,0,1,2,17,16,6,2,3,2,19,8,5,2,0,0,8,2,2,0,5,2,1,0,0,0,0,0,2,1,1,0,0,0,0,0,0,1,0,0,0,0,5,3,1,0,1,0,5,2,2,0,0,0,3,1,0,0,2,1,1,0,0,0,1,5,2,0,0,0,2,0,0,0,1,0,0,0,1,0,21,8,5,2,4,0,12,6,7,1,0,0,2,1,0,0,1,1,1,0,0,0,5,3,0,0,0,0,0,0,0,0,0,0,0,0,1,0,10,5,2,1,1,0,12,6,2,1,0,0,1,1,0,0,1,1,0,0,0,0
136,17,all_4.jsonl,3,0,1,0,0,0,1,0,0,0,0,0,0,0,1,0,17,11,7,2,3,0,14,5,3,1,0,0,5,1,0,0,4,1,1,0,0,0,0,2,2,0,1,0,0,0,0,0,0,0,0,0,2,0,14,4,1,0,0,0,6,2,1,2,0,0,2,0,0,0,1,0,1,0,0,0,0,2,2,0,0,0,2,0,0,0,1,0,0,0,0,2,11,14,0,1,3,0,9,4,5,0,0,0,5,0,1,0,3,0,1,0,0,0,3,3,0,0,0,0,0,0,0,0,0,0,0,0,0,0,9,4,4,1,1,1,7,5,1,0,0,0,2,0,0,0,2,0,0,0,0,0
137,17,conditioning_on_all.jsonl,4,0,1,0,0,0,1,0,0,0,1,0,0,0,1,0,23,11,6,2,2,0,10,5,3,1,0,0,5,1,0,0,4,1,1,0,0,0,2,2,0,0,0,0,0,0,0,0,0,0,0,0,2,0,24,4,5,0,2,0,10,2,4,2,0,0,9,0,1,0,8,0,0,0,0,0,2,2,0,0,0,0,0,0,0,0,0,0,0,0,2,2,17,14,2,1,2,0,8,4,3,0,0,0,4,0,1,0,3,0,0,0,0,0,2,3,0,0,0,0,0,0,0,0,0,0,0,0,0,0,26,4,4,1,2,1,7,5,0,0,0,0,4,0,0,0,3,0,1,0,0,0
138,17,holdout_Text_Anxiety.jsonl,2,0,1,0,0,0,0,0,0,0,0,0,0,0,1,0,16,11,4,2,3,0,10,5,2,1,0,0,4,1,0,0,3,1,1,0,0,0,4,2,1,0,0,0,0,0,0,0,0,0,0,0,1,0,15,4,1,0,2,0,4,2,1,2,0,0,2,0,0,0,1,0,1,0,0,0,1,2,3,0,0,0,1,0,1,0,1,0,0,0,0,2,12,14,3,1,1,0,8,4,3,0,0,0,2,0,0,0,2,0,0,0,0,0,5,3,0,0,0,0,0,0,0,0,0,0,1,0,2,0,15,4,4,1,0,1,13,5,3,0,0,0,2,0,0,0,2,0,0,0,0,0
139,17,holdout_Text_Numeracy.jsonl,3,0,0,0,0,0,0,0,0,0,1,0,0,0,3,0,24,11,10,2,1,0,8,5,2,1,0,0,2,1,0,0,1,1,1,0,0,0,1,2,0,0,0,0,0,0,0,0,0,0,0,0,3,0,15,4,2,0,1,0,6,2,2,2,0,0,3,0,1,0,0,0,2,0,0,0,1,2,0,0,0,0,0,0,0,0,0,0,0,0,2,2,7,14,1,1,0,0,7,4,2,0,0,0,4,0,2,0,1,0,1,0,0,0,6,3,1,0,0,0,0,0,1,0,0,0,0,0,1,0,11,4,2,1,4,1,7,5,2,0,0,0,3,0,0,0,2,0,1,0,0,0
140,17,holdout_Text_SubjectiveLit.jsonl,5,0,0,0,0,0,0,0,0,0,0,0,0,0,0,0,21,11,7,2,3,0,9,5,3,1,0,0,4,1,0,0,3,1,1,0,0,0,4,2,2,0,1,0,0,0,0,0,0,0,0,0,2,0,13,4,3,0,2,0,7,2,3,2,0,0,2,0,0,0,2,0,0,0,0,0,0,2,0,0,0,0,0,0,0,0,0,0,0,0,0,2,11,14,0,1,1,0,9,4,4,0,0,0,6,0,3,0,3,0,1,0,1,0,5,3,0,0,0,0,0,0,0,0,0,0,0,0,1,0,17,4,4,1,3,1,8,5,3,0,0,0,1,0,1,0,0,0,0,0,0,0
141,17,holdout_Text_TrustPhys.jsonl,2,0,0,0,0,0,0,0,0,0,0,0,0,0,1,0,19,11,7,2,3,0,11,5,3,1,0,0,5,1,0,0,4,1,1,0,0,0,1,2,0,0,0,0,0,0,0,0,0,0,1,0,3,0,17,4,4,0,2,0,7,2,2,2,0,0,3,0,0,0,1,0,2,0,0,0,2,2,0,0,0,0,0,0,0,0,1,0,0,0,0,2,12,14,1,1,1,0,4,4,2,0,0,0,6,0,2,0,3,0,2,0,1,0,2,3,0,0,0,0,0,0,0,0,0,0,1,0,2,0,11,4,2,1,3,1,12,5,4,0,0,0,0,0,0,0,0,0,0,0,0,0
142,17,Baseline Zero Shot,0,0,0,0,0,0,0,0,0,0,1,0,0,0,0,0,3,11,1,2,1,0,2,5,1,1,0,0,1,1,0,0,0,1,1,0,0,0,2,2,2,0,1,0,0,0,0,0,0,0,0,0,0,0,10,4,1,0,2,0,3,2,3,2,0,0,4,0,1,0,2,0,2,0,0,0,0,2,0,0,0,0,0,0,0,0,0,0,0,0,0,2,14,14,4,1,0,0,10,4,4,0,0,0,5,0,2,0,4,0,0,0,1,0,7,3,0,0,0,0,0,0,0,0,0,0,1,0,0,0,17,4,3,1,1,1,10,5,2,0,0,0,1,0,0,0,1,0,0,0,0,0
143,17,no_system_prompt.jsonl,2,0,0,0,0,0,0,0,0,0,0,0,0,0,2,0,21,11,8,2,2,0,16,5,3,1,0,0,5,1,0,0,5,1,0,0,0,0,1,2,1,0,1,0,0,0,0,0,0,0,0,0,0,0,12,4,1,0,1,0,5,2,0,2,0,0,1,0,0,0,1,0,0,0,0,0,4,2,0,0,0,0,0,0,0,0,0,0,0,0,0,2,17,14,3,1,2,0,9,4,1,0,0,0,5,0,3,0,1,0,2,0,1,0,7,3,0,0,0,0,0,0,0,0,0,0,1,0,1,0,14,4,3,1,2,1,10,5,4,0,0,0,0,0,0,0,0,0,0,0,0,0
144,18,all_4.jsonl,2,3,0,0,0,0,0,0,0,0,0,0,0,0,0,3,21,17,8,7,4,0,13,10,2,0,0,0,8,3,0,0,7,3,0,0,1,0,1,2,2,3,0,0,0,0,0,0,0,1,0,0,3,1,16,12,4,1,0,0,3,1,0,1,0,0,3,3,0,1,1,2,2,0,0,0,0,4,0,0,0,0,0,0,0,0,2,0,0,0,1,0,12,7,2,0,0,0,17,13,4,2,1,0,4,1,2,0,2,1,0,0,0,0,5,5,1,0,1,0,0,0,0,0,0,0,0,1,2,1,14,7,3,0,2,1,8,7,0,0,0,0,2,0,0,0,1,0,1,0,0,0
145,18,conditioning_on_all.jsonl,6,3,0,0,0,0,0,0,0,0,1,0,0,0,0,3,11,17,3,7,1,0,12,10,2,0,0,0,5,3,0,0,5,3,0,0,0,0,3,2,0,3,0,0,0,0,0,0,0,1,0,0,0,1,18,12,4,1,1,0,5,1,2,1,0,0,4,3,1,1,1,2,1,0,1,0,2,4,0,0,0,0,0,0,0,0,0,0,1,0,1,0,11,7,4,0,0,0,4,13,2,2,0,0,3,1,2,0,2,1,0,0,1,0,5,5,0,0,0,0,0,0,0,0,0,0,2,1,1,1,18,7,3,0,2,1,15,7,2,0,0,0,6,0,1,0,4,0,1,0,0,0
146,18,holdout_Text_Anxiety.jsonl,2,3,0,0,0,0,0,0,0,0,1,0,0,0,1,3,12,17,4,7,1,0,9,10,2,0,0,0,7,3,0,0,7,3,0,0,0,0,2,2,3,3,1,0,0,0,0,0,0,1,0,0,0,1,14,12,1,1,1,0,4,1,1,1,0,0,2,3,0,1,1,2,1,0,0,0,4,4,1,0,0,0,0,0,1,0,2,0,0,0,1,0,18,7,2,0,0,0,16,13,2,2,0,0,5,1,1,0,4,1,0,0,2,0,4,5,0,0,0,0,0,0,0,0,0,0,0,1,0,1,13,7,1,0,4,1,9,7,2,0,0,0,2,0,0,0,1,0,1,0,0,0
147,18,holdout_Text_Numeracy.jsonl,3,3,0,0,0,0,0,0,0,0,0,0,0,0,0,3,12,17,6,7,3,0,12,10,3,0,0,0,4,3,0,0,4,3,0,0,0,0,2,2,3,3,0,0,0,0,0,0,0,1,1,0,1,1,12,12,1,1,2,0,5,1,0,1,0,0,4,3,0,1,3,2,1,0,0,0,2,4,1,0,0,0,1,0,0,0,1,0,0,0,1,0,11,7,2,0,1,0,5,13,1,2,0,0,5,1,1,0,4,1,0,0,0,0,5,5,0,0,0,0,0,0,0,0,0,0,0,1,1,1,18,7,3,0,3,1,11,7,3,0,0,0,3,0,0,0,2,0,1,0,0,0
148,18,holdout_Text_SubjectiveLit.jsonl,1,3,0,0,0,0,0,0,0,0,0,0,0,0,1,3,18,17,6,7,2,0,11,10,2,0,0,0,5,3,0,0,5,3,0,0,0,0,1,2,0,3,0,0,0,0,0,0,0,1,0,0,2,1,13,12,4,1,0,0,6,1,1,1,0,0,2,3,0,1,2,2,0,0,0,0,4,4,0,0,0,0,0,0,0,0,2,0,0,0,0,0,9,7,1,0,0,0,13,13,5,2,1,0,2,1,0,0,2,1,0,0,0,0,5,5,0,0,0,0,0,0,0,0,0,0,2,1,2,1,18,7,5,0,2,1,13,7,1,0,0,0,3,0,1,0,1,0,1,0,0,0
149,18,holdout_Text_TrustPhys.jsonl,1,3,0,0,0,0,0,0,0,0,0,0,0,0,1,3,18,17,7,7,4,0,12,10,5,0,0,0,4,3,0,0,4,3,0,0,0,0,0,2,1,3,0,0,0,0,0,0,0,1,0,0,2,1,12,12,2,1,1,0,6,1,1,1,0,0,1,3,0,1,1,2,0,0,0,0,4,4,0,0,0,0,0,0,0,0,0,0,2,0,0,0,15,7,1,0,0,0,12,13,2,2,0,0,6,1,4,0,4,1,0,0,2,0,5,5,1,0,0,0,1,0,0,0,0,0,1,1,2,1,19,7,3,0,5,1,11,7,4,0,0,0,2,0,0,0,1,0,1,0,0,0
150,18,Baseline Zero Shot,1,3,0,0,0,0,0,0,0,0,1,0,0,0,0,3,9,17,3,7,3,0,14,10,3,0,0,0,6,3,0,0,5,3,1,0,0,0,2,2,1,3,1,0,0,0,0,0,0,1,0,0,1,1,8,12,1,1,1,0,5,1,3,1,0,0,1,3,0,1,0,2,1,0,0,0,2,4,0,0,0,0,0,0,0,0,0,0,0,0,0,0,13,7,2,0,3,0,2,13,2,2,0,0,6,1,1,0,1,1,4,0,0,0,6,5,0,0,0,0,0,0,0,0,0,0,1,1,2,1,14,7,3,0,2,1,16,7,6,0,0,0,1,0,0,0,0,0,1,0,0,0
151,18,no_system_prompt.jsonl,0,3,0,0,0,0,0,0,0,0,0,0,0,0,2,3,21,17,8,7,2,0,13,10,2,0,0,0,6,3,0,0,5,3,1,0,0,0,1,2,3,3,1,0,0,0,0,0,0,1,0,0,2,1,12,12,2,1,0,0,6,1,2,1,0,0,3,3,1,1,2,2,1,0,0,0,2,4,2,0,0,0,0,0,1,0,1,0,3,0,0,0,9,7,1,0,0,0,10,13,1,2,0,0,7,1,5,0,4,1,0,0,2,0,5,5,0,0,0,0,0,0,0,0,0,0,1,1,0,1,20,7,3,0,1,1,16,7,4,0,0,0,2,0,0,0,1,0,1,0,0,0
152,19,all_4.jsonl,4,3,0,0,0,0,0,0,0,0,0,0,0,0,2,4,20,16,4,6,2,2,8,6,1,2,0,0,5,3,0,0,4,2,1,1,0,0,2,1,2,2,1,0,0,1,0,0,0,0,0,0,1,2,13,12,1,1,0,3,5,3,0,1,0,0,4,1,0,0,2,0,2,1,0,0,3,2,2,0,0,0,1,0,0,0,0,1,0,0,4,0,11,9,2,1,2,1,14,3,2,0,0,0,4,0,3,0,0,0,1,0,0,0,1,7,0,0,0,0,0,0,0,0,0,0,0,0,1,1,8,14,2,2,0,1,5,7,0,2,0,0,3,1,0,0,3,0,0,1,0,0
153,19,conditioning_on_all.jsonl,8,3,0,0,0,0,0,0,0,0,1,0,0,0,1,4,14,16,4,6,2,2,8,6,3,2,0,0,5,3,0,0,3,2,1,1,1,0,3,1,3,2,1,0,1,1,0,0,1,0,1,0,1,2,15,12,4,1,1,3,9,3,2,1,0,0,4,1,0,0,3,0,1,1,0,0,1,2,1,0,0,0,1,0,0,0,0,1,0,0,2,0,14,9,2,1,2,1,5,3,2,0,0,0,2,0,0,0,1,0,0,0,1,0,2,7,1,0,0,0,1,0,0,0,0,0,0,0,1,1,17,14,4,2,4,1,11,7,4,2,0,0,5,1,0,0,4,0,1,1,0,0
154,19,holdout_Text_Anxiety.jsonl,2,3,0,0,0,0,0,0,0,0,0,0,1,0,2,4,14,16,5,6,2,2,13,6,2,2,0,0,5,3,0,0,4,2,1,1,0,0,0,1,1,2,1,0,0,1,0,0,1,0,0,0,1,2,13,12,2,1,3,3,6,3,4,1,0,0,1,1,0,0,0,0,1,1,0,0,4,2,0,0,0,0,0,0,0,0,0,1,1,0,1,0,14,9,2,1,1,1,7,3,2,0,0,0,4,0,2,0,2,0,0,0,2,0,9,7,0,0,0,0,0,0,0,0,0,0,1,0,2,1,23,14,3,2,1,1,10,7,0,2,0,0,1,1,0,0,1,0,0,1,0,0
155,19,holdout_Text_Numeracy.jsonl,2,3,0,0,0,0,0,0,0,0,0,0,0,0,1,4,18,16,7,6,3,2,8,6,2,2,0,0,3,3,0,0,2,2,1,1,0,0,2,1,2,2,1,0,0,1,0,0,0,0,1,0,1,2,19,12,3,1,4,3,9,3,4,1,0,0,2,1,0,0,1,0,1,1,0,0,2,2,3,0,0,0,0,0,0,0,0,1,0,0,0,0,15,9,2,1,0,1,9,3,5,0,0,0,7,0,2,0,4,0,1,0,0,0,3,7,0,0,0,0,0,0,0,0,4,0,0,0,1,1,13,14,4,2,1,1,9,7,6,2,0,0,0,1,0,0,0,0,0,1,0,0
156,19,holdout_Text_SubjectiveLit.jsonl,1,3,0,0,0,0,0,0,0,0,2,0,0,0,0,4,18,16,5,6,2,2,9,6,1,2,0,0,6,3,0,0,5,2,1,1,0,0,2,1,2,2,0,0,0,1,0,0,0,0,0,0,1,2,13,12,3,1,1,3,6,3,2,1,0,0,0,1,0,0,0,0,0,1,0,0,2,2,0,0,0,0,0,0,0,0,0,1,0,0,1,0,16,9,3,1,3,1,10,3,4,0,0,0,1,0,1,0,0,0,0,0,0,0,4,7,0,0,0,0,0,0,0,0,0,0,0,0,2,1,10,14,3,2,0,1,8,7,1,2,0,0,1,1,1,0,0,0,0,1,0,0
157,19,holdout_Text_TrustPhys.jsonl,3,3,0,0,0,0,0,0,0,0,0,0,0,0,1,4,16,16,5,6,2,2,9,6,2,2,0,0,5,3,0,0,4,2,1,1,0,0,3,1,2,2,0,0,0,1,0,0,1,0,1,0,1,2,14,12,2,1,3,3,9,3,1,1,0,0,5,1,0,0,4,0,1,1,0,0,1,2,0,0,0,0,0,0,0,0,0,1,0,0,0,0,10,9,2,1,1,1,10,3,3,0,0,0,2,0,0,0,1,0,1,0,0,0,5,7,0,0,0,0,0,0,0,0,1,0,0,0,2,1,18,14,4,2,3,1,17,7,3,2,0,0,6,1,0,0,3,0,3,1,0,0
158,19,Baseline Zero Shot,2,3,0,0,0,0,0,0,0,0,0,0,0,0,1,4,14,16,5,6,3,2,13,6,2,2,0,0,6,3,0,0,5,2,1,1,0,0,1,1,2,2,1,0,0,1,0,0,0,0,0,0,3,2,11,12,3,1,1,3,8,3,4,1,0,0,3,1,0,0,1,0,2,1,0,0,1,2,0,0,0,0,0,0,0,0,0,1,0,0,0,0,18,9,4,1,0,1,14,3,2,0,0,0,5,0,3,0,4,0,0,0,2,0,3,7,0,0,0,0,0,0,0,0,3,0,1,0,2,1,18,14,3,2,5,1,17,7,6,2,0,0,4,1,0,0,2,0,2,1,0,0
159,19,no_system_prompt.jsonl,3,3,0,0,0,0,0,0,0,0,0,0,0,0,1,4,19,16,8,6,3,2,11,6,2,2,0,0,8,3,1,0,5,2,2,1,0,0,1,1,1,2,1,0,0,1,0,0,0,0,0,0,1,2,10,12,3,1,0,3,5,3,0,1,0,0,3,1,0,0,2,0,1,1,0,0,2,2,0,0,0,0,0,0,0,0,1,1,3,0,0,0,15,9,1,1,0,1,9,3,0,0,0,0,7,0,4,0,4,0,0,0,1,0,3,7,0,0,0,0,0,0,0,0,1,0,1,0,3,1,17,14,4,2,1,1,10,7,4,2,0,0,1,1,0,0,0,0,1,1,0,0
160,20,all_4.jsonl,1,2,0,0,0,0,0,0,0,0,0,0,0,0,1,0,18,6,8,2,1,1,9,4,1,1,0,0,3,2,0,0,3,2,0,0,0,0,2,0,1,0,0,0,0,0,0,0,0,0,0,0,1,0,13,7,3,0,0,0,8,4,0,2,0,0,5,0,0,0,5,0,0,0,0,0,1,0,2,0,0,0,0,0,0,0,1,0,0,0,2,0,18,3,3,1,3,0,6,4,0,0,0,0,6,1,2,1,3,0,1,0,0,0,5,2,0,0,0,0,0,0,0,0,0,1,1,0,0,0,9,9,2,0,1,0,11,6,2,2,0,0,0,0,0,0,0,0,0,0,0,0
161,20,conditioning_on_all.jsonl,3,2,0,0,0,0,0,0,0,0,1,0,0,0,2,0,24,6,8,2,3,1,15,4,5,1,0,0,4,2,0,0,4,2,0,0,0,0,1,0,1,0,1,0,0,0,0,0,0,0,0,0,2,0,16,7,4,0,0,0,7,4,2,2,0,0,2,0,0,0,2,0,0,0,0,0,4,0,1,0,0,0,0,0,0,0,0,0,0,0,0,0,15,3,1,1,2,0,11,4,1,0,0,0,7,1,2,1,6,0,1,0,2,0,6,2,0,0,0,0,0,0,0,0,0,1,0,0,0,0,16,9,4,0,2,0,11,6,2,2,0,0,5,0,0,0,3,0,2,0,0,0
162,20,holdout_Text_Anxiety.jsonl,1,2,0,0,0,0,0,0,0,0,0,0,0,0,1,0,15,6,6,2,1,1,9,4,1,1,0,0,5,2,0,0,5,2,0,0,0,0,2,0,0,0,0,0,0,0,0,0,0,0,0,0,2,0,11,7,2,0,1,0,2,4,2,2,0,0,1,0,0,0,0,0,1,0,0,0,4,0,0,0,0,0,0,0,0,0,0,0,0,0,1,0,21,3,3,1,2,0,4,4,2,0,0,0,3,1,1,1,1,0,1,0,0,0,4,2,1,0,0,0,1,0,0,0,1,1,0,0,0,0,20,9,4,0,3,0,14,6,3,2,0,0,2,0,0,0,2,0,0,0,0,0
163,20,holdout_Text_Numeracy.jsonl,5,2,1,0,0,0,0,0,0,0,0,0,0,0,2,0,14,6,4,2,2,1,9,4,2,1,0,0,4,2,0,0,4,2,0,0,0,0,0,0,1,0,1,0,0,0,0,0,0,0,0,0,1,0,7,7,2,0,1,0,3,4,0,2,0,0,2,0,0,0,1,0,1,0,0,0,5,0,1,0,0,0,0,0,0,0,2,0,1,0,1,0,8,3,1,1,1,0,4,4,0,0,0,0,5,1,3,1,2,0,0,0,0,0,3,2,0,0,0,0,0,0,0,0,0,1,0,0,2,0,9,9,3,0,2,0,10,6,4,2,0,0,1,0,0,0,1,0,0,0,0,0
164,20,holdout_Text_SubjectiveLit.jsonl,3,2,0,0,0,0,0,0,0,0,0,0,0,0,2,0,14,6,3,2,3,1,12,4,3,1,0,0,7,2,1,0,5,2,0,0,1,0,2,0,0,0,0,0,0,0,0,0,0,0,0,0,0,0,7,7,1,0,0,0,3,4,1,2,0,0,3,0,0,0,3,0,0,0,0,0,1,0,0,0,0,0,0,0,0,0,0,0,1,0,0,0,7,3,1,1,1,0,14,4,4,0,1,0,4,1,1,1,3,0,0,0,0,0,3,2,0,0,0,0,0,0,0,0,0,1,0,0,0,0,10,9,1,0,1,0,12,6,2,2,0,0,2,0,0,0,1,0,1,0,0,0
165,20,holdout_Text_TrustPhys.jsonl,4,2,0,0,0,0,0,0,0,0,1,0,0,0,1,0,17,6,6,2,3,1,14,4,3,1,0,0,6,2,0,0,5,2,1,0,0,0,2,0,0,0,0,0,0,0,0,0,0,0,0,0,0,0,7,7,1,0,1,0,4,4,1,2,0,0,4,0,0,0,2,0,2,0,0,0,2,0,0,0,0,0,0,0,0,0,0,0,0,0,2,0,18,3,3,1,3,0,6,4,1,0,0,0,6,1,0,1,4,0,2,0,0,0,1,2,0,0,0,0,0,0,0,0,0,1,0,0,1,0,10,9,2,0,1,0,9,6,3,2,0,0,0,0,0,0,0,0,0,0,0,0
166,20,Baseline Zero Shot,1,2,0,0,0,0,0,0,0,0,0,0,0,0,0,0,9,6,3,2,2,1,9,4,0,1,0,0,5,2,1,0,3,2,2,0,0,0,2,0,1,0,0,0,0,0,0,0,0,0,0,0,3,0,15,7,2,0,2,0,7,4,2,2,0,0,4,0,1,0,2,0,1,0,0,0,2,0,0,0,0,0,0,0,0,0,0,0,0,0,0,0,13,3,3,1,2,0,11,4,3,0,0,0,2,1,1,1,1,0,1,0,0,0,3,2,0,0,0,0,0,0,0,0,0,1,1,0,1,0,14,9,2,0,3,0,12,6,2,2,0,0,1,0,0,0,0,0,1,0,0,0
167,20,no_system_prompt.jsonl,5,2,0,0,0,0,0,0,0,0,0,0,0,0,1,0,13,6,4,2,2,1,12,4,3,1,0,0,4,2,0,0,4,2,0,0,0,0,1,0,1,0,0,0,0,0,0,0,0,0,0,0,1,0,9,7,1,0,1,0,7,4,2,2,0,0,2,0,0,0,2,0,0,0,0,0,1,0,0,0,0,0,0,0,0,0,0,0,0,0,0,0,12,3,3,1,0,0,8,4,3,0,0,0,2,1,0,1,2,0,0,0,0,0,5,2,0,0,0,0,0,0,0,0,0,1,1,0,1,0,12,9,2,0,1,0,8,6,1,2,0,0,0,0,0,0,0,0,0,0,0,0
168,21,all_4.jsonl,2,4,0,0,0,0,0,0,0,0,0,0,0,0,1,2,12,11,5,3,1,1,6,4,1,0,0,0,3,1,0,0,3,1,0,0,0,0,0,0,1,0,1,0,0,0,0,0,0,0,0,0,1,0,13,7,1,1,1,0,12,6,3,0,0,0,4,2,0,0,3,2,1,0,0,0,2,2,0,0,0,0,0,0,0,0,0,0,0,0,0,0,11,8,2,1,0,2,9,1,3,0,0,0,5,1,2,0,3,0,0,1,2,0,5,3,0,0,0,0,0,0,0,0,0,1,1,1,0,0,14,9,2,1,0,2,9,5,3,0,0,0,1,0,0,0,0,0,1,0,0,0
169,21,conditioning_on_all.jsonl,6,4,0,0,0,0,0,0,0,0,0,0,0,0,0,2,21,11,5,3,6,1,13,4,2,0,0,0,5,1,0,0,3,1,2,0,0,0,1,0,2,0,2,0,0,0,0,0,0,0,0,0,1,0,19,7,1,1,2,0,4,6,1,0,0,0,4,2,0,0,2,2,2,0,0,0,3,2,0,0,0,0,0,0,0,0,0,0,0,0,2,0,15,8,2,1,1,2,2,1,1,0,0,0,4,1,1,0,3,0,0,1,0,0,5,3,0,0,0,0,0,0,0,0,1,1,1,1,4,0,19,9,6,1,3,2,11,5,3,0,0,0,3,0,0,0,2,0,1,0,0,0
170,21,holdout_Text_Anxiety.jsonl,5,4,0,0,0,0,0,0,0,0,0,0,0,0,0,2,19,11,6,3,4,1,12,4,4,0,0,0,7,1,0,0,5,1,2,0,0,0,1,0,2,0,0,0,0,0,0,0,1,0,0,0,1,0,19,7,3,1,1,0,6,6,3,0,0,0,1,2,0,0,1,2,0,0,0,0,1,2,0,0,0,0,0,0,0,0,0,0,0,0,0,0,12,8,2,1,0,2,8,1,1,0,0,0,2,1,2,0,0,0,1,1,0,0,6,3,0,0,0,0,0,0,0,0,0,1,0,1,4,0,17,9,5,1,2,2,6,5,3,0,0,0,1,0,0,0,0,0,1,0,0,0
171,21,holdout_Text_Numeracy.jsonl,3,4,0,0,0,0,0,0,0,0,0,0,0,0,1,2,15,11,5,3,1,1,12,4,3,0,0,0,4,1,0,0,4,1,0,0,0,0,0,0,1,0,0,0,0,0,0,0,0,0,2,0,1,0,13,7,2,1,1,0,7,6,0,0,0,0,2,2,0,0,2,2,0,0,0,0,5,2,0,0,0,0,0,0,0,0,0,0,0,0,0,0,9,8,2,1,0,2,4,1,1,0,0,0,3,1,1,0,1,0,1,1,0,0,2,3,0,0,0,0,0,0,0,0,1,1,2,1,3,0,18,9,4,1,3,2,10,5,3,0,0,0,2,0,2,0,0,0,1,0,0,0
172,21,holdout_Text_SubjectiveLit.jsonl,3,4,0,0,0,0,0,0,0,0,0,0,0,0,1,2,19,11,5,3,2,1,6,4,0,0,0,0,3,1,0,0,2,1,1,0,0,0,1,0,2,0,1,0,0,0,0,0,0,0,0,0,2,0,10,7,3,1,1,0,6,6,3,0,0,0,2,2,0,0,1,2,1,0,0,0,1,2,1,0,0,0,1,0,0,0,0,0,0,0,0,0,10,8,3,1,1,2,5,1,2,0,0,0,3,1,0,0,2,0,0,1,1,0,7,3,1,0,0,0,0,0,0,0,1,1,1,1,0,0,13,9,2,1,2,2,11,5,1,0,0,0,2,0,1,0,1,0,0,0,0,0
173,21,holdout_Text_TrustPhys.jsonl,1,4,0,0,0,0,0,0,0,0,1,0,0,0,1,2,21,11,8,3,2,1,11,4,3,0,0,0,4,1,0,0,3,1,1,0,0,0,2,0,0,0,0,0,0,0,0,0,0,0,2,0,1,0,6,7,0,1,1,0,6,6,2,0,0,0,3,2,1,0,1,2,1,0,0,0,3,2,1,0,0,0,1,0,0,0,0,0,0,0,0,0,17,8,2,1,3,2,7,1,3,0,0,0,7,1,2,0,5,0,1,1,1,0,3,3,0,0,0,0,0,0,0,0,3,1,0,1,2,0,18,9,5,1,2,2,8,5,2,0,0,0,0,0,0,0,0,0,0,0,0,0
174,21,Baseline Zero Shot,1,4,0,0,0,0,0,0,0,0,0,0,0,0,0,2,9,11,2,3,2,1,8,4,2,0,0,0,3,1,0,0,2,1,1,0,0,0,2,0,1,0,1,0,0,0,0,0,0,0,0,0,2,0,13,7,3,1,1,0,12,6,6,0,0,0,2,2,0,0,1,2,1,0,0,0,1,2,0,0,0,0,0,0,0,0,0,0,0,0,0,0,13,8,1,1,0,2,9,1,3,0,0,0,5,1,2,0,4,0,0,1,1,0,5,3,0,0,0,0,0,0,0,0,0,1,0,1,0,0,16,9,2,1,2,2,11,5,5,0,0,0,2,0,0,0,1,0,1,0,0,0
175,21,no_system_prompt.jsonl,2,4,0,0,0,0,0,0,0,0,0,0,0,0,1,2,18,11,6,3,2,1,11,4,2,0,0,0,5,1,0,0,5,1,0,0,0,0,0,0,2,0,1,0,0,0,0,0,0,0,1,0,2,0,13,7,2,1,0,0,5,6,1,0,0,0,5,2,0,0,3,2,2,0,0,0,2,2,3,0,0,0,0,0,1,0,0,0,0,0,0,0,10,8,1,1,1,2,9,1,4,0,0,0,4,1,0,0,4,0,0,1,0,0,7,3,0,0,0,0,0,0,0,0,0,1,0,1,1,0,15,9,5,1,3,2,8,5,2,0,0,0,1,0,0,0,0,0,1,0,0,0
176,22,all_4.jsonl,6,3,0,0,0,0,0,0,0,0,0,0,0,0,1,1,15,8,5,1,1,2,7,5,0,2,0,0,5,0,0,0,4,0,1,0,0,0,2,1,0,0,0,0,0,0,0,0,1,0,1,0,0,1,19,11,3,2,0,1,11,1,0,1,0,0,1,0,0,0,0,0,1,0,0,0,0,1,4,0,0,0,1,0,0,0,1,0,0,0,2,0,12,3,2,1,4,0,14,3,7,1,0,0,9,3,0,0,7,1,1,0,1,2,6,2,0,0,0,0,0,0,0,0,1,0,0,0,2,1,15,3,3,1,1,0,12,1,5,0,0,0,1,0,0,0,0,0,1,0,0,0
177,22,conditioning_on_all.jsonl,1,3,0,0,0,0,0,0,0,0,0,0,0,0,0,1,21,8,6,1,1,2,9,5,1,2,0,0,4,0,0,0,3,0,1,0,0,0,3,1,0,0,0,0,0,0,0,0,0,0,0,0,1,1,26,11,4,2,1,1,10,1,2,1,0,0,4,0,0,0,3,0,1,0,0,0,2,1,0,0,0,0,0,0,0,0,1,0,0,0,2,0,20,3,3,1,3,0,3,3,1,1,1,0,7,3,3,0,3,1,2,0,1,2,6,2,0,0,0,0,0,0,0,0,1,0,0,0,1,1,18,3,4,1,2,0,13,1,1,0,0,0,2,0,0,0,0,0,2,0,0,0
178,22,holdout_Text_Anxiety.jsonl,2,3,1,0,0,0,0,0,0,0,0,0,0,0,1,1,23,8,9,1,5,2,13,5,6,2,0,0,3,0,0,0,3,0,0,0,0,0,1,1,3,0,1,0,1,0,0,0,0,0,0,0,2,1,7,11,2,2,0,1,3,1,0,1,0,0,3,0,1,0,2,0,0,0,0,0,3,1,0,0,0,0,0,0,0,0,1,0,0,0,2,0,17,3,2,1,2,0,10,3,4,1,0,0,4,3,2,0,2,1,0,0,0,2,5,2,1,0,0,0,1,0,0,0,0,0,0,0,3,1,15,3,3,1,2,0,9,1,3,0,0,0,3,0,1,0,0,0,2,0,0,0
179,22,holdout_Text_Numeracy.jsonl,4,3,0,0,0,0,0,0,0,0,0,0,0,0,1,1,20,8,5,1,1,2,10,5,2,2,0,0,4,0,1,0,3,0,0,0,0,0,3,1,0,0,0,0,0,0,0,0,0,0,0,0,2,1,8,11,2,2,0,1,4,1,0,1,0,0,2,0,0,0,1,0,1,0,0,0,3,1,2,0,0,0,0,0,0,0,0,0,0,0,1,0,10,3,1,1,0,0,5,3,2,1,0,0,6,3,2,0,4,1,0,0,0,2,4,2,0,0,0,0,0,0,0,0,1,0,2,0,2,1,9,3,4,1,0,0,5,1,3,0,0,0,4,0,2,0,1,0,2,0,0,0
180,22,holdout_Text_SubjectiveLit.jsonl,6,3,0,0,0,0,0,0,0,0,0,0,0,0,2,1,16,8,6,1,2,2,8,5,1,2,0,0,7,0,0,0,5,0,2,0,0,0,3,1,2,0,1,0,0,0,0,0,0,0,1,0,4,1,20,11,6,2,0,1,8,1,0,1,0,0,1,0,1,0,0,0,0,0,0,0,4,1,2,0,0,0,0,0,0,0,1,0,0,0,1,0,16,3,2,1,2,0,12,3,0,1,1,0,4,3,1,0,2,1,1,0,0,2,5,2,0,0,0,0,0,0,0,0,2,0,0,0,1,1,15,3,4,1,1,0,7,1,4,0,0,0,2,0,0,0,1,0,1,0,0,0
181,22,holdout_Text_TrustPhys.jsonl,3,3,0,0,0,0,0,0,0,0,0,0,1,0,2,1,13,8,6,1,1,2,12,5,1,2,0,0,2,0,0,0,2,0,0,0,0,0,2,1,2,0,1,0,0,0,0,0,0,0,0,0,1,1,22,11,5,2,2,1,6,1,2,1,0,0,3,0,0,0,0,0,3,0,0,0,2,1,1,0,0,0,0,0,0,0,0,0,0,0,0,0,10,3,0,1,1,0,10,3,3,1,0,0,1,3,0,0,1,1,0,0,0,2,5,2,0,0,0,0,0,0,0,0,0,0,0,0,2,1,19,3,5,1,3,0,7,1,1,0,0,0,2,0,0,0,0,0,2,0,0,0
182,22,Baseline Zero Shot,3,3,0,0,0,0,0,0,0,0,0,0,0,0,1,1,11,8,4,1,2,2,5,5,1,2,0,0,3,0,1,0,1,0,1,0,1,0,0,1,2,0,1,0,0,0,0,0,0,0,0,0,1,1,12,11,2,2,2,1,9,1,4,1,0,0,1,0,0,0,0,0,1,0,0,0,2,1,1,0,0,0,1,0,0,0,0,0,0,0,1,0,14,3,0,1,2,0,17,3,8,1,0,0,4,3,1,0,3,1,0,0,0,2,4,2,0,0,0,0,0,0,0,0,0,0,0,0,1,1,13,3,1,1,2,0,8,1,4,0,0,0,3,0,0,0,1,0,2,0,0,0
183,22,no_system_prompt.jsonl,3,3,1,0,0,0,1,0,0,0,0,0,1,0,1,1,17,8,8,1,2,2,9,5,2,2,0,0,3,0,0,0,3,0,0,0,0,0,1,1,3,0,0,0,0,0,0,0,0,0,0,0,3,1,17,11,4,2,2,1,8,1,4,1,0,0,1,0,0,0,1,0,0,0,0,0,3,1,2,0,0,0,0,0,0,0,0,0,0,0,0,0,14,3,2,1,2,0,7,3,3,1,0,0,4,3,0,0,4,1,0,0,0,2,6,2,0,0,0,0,0,0,0,0,1,0,0,0,1,1,20,3,4,1,4,0,10,1,1,0,0,0,2,0,0,0,1,0,1,0,0,0
184,23,all_4.jsonl,5,1,0,0,0,0,0,0,0,0,0,0,1,0,0,0,22,21,6,4,2,2,11,11,3,2,0,0,3,3,0,0,3,2,0,1,0,0,1,2,5,1,3,0,1,0,1,0,1,1,1,0,1,0,19,9,3,0,0,1,8,4,1,2,0,0,1,1,0,0,1,0,0,1,0,0,4,4,1,1,0,0,0,0,1,0,1,0,1,0,2,0,17,14,3,0,0,0,13,9,2,1,0,0,6,0,1,0,3,0,1,0,1,0,7,3,1,0,0,0,1,0,0,0,0,0,0,0,2,0,15,23,2,1,1,0,15,15,5,1,0,0,1,0,0,0,1,0,0,0,0,0
185,23,conditioning_on_all.jsonl,5,1,0,0,0,0,0,0,0,0,0,0,0,0,1,0,18,21,6,4,2,2,12,11,2,2,0,0,7,3,1,0,5,2,1,1,0,0,1,2,0,1,0,0,0,0,0,0,0,1,0,0,3,0,16,9,3,0,2,1,7,4,1,2,0,0,3,1,0,0,1,0,2,1,0,0,2,4,0,1,0,0,0,0,0,0,0,0,0,0,1,0,15,14,2,0,1,0,3,9,0,1,0,0,4,0,1,0,1,0,2,0,0,0,3,3,0,0,0,0,0,0,0,0,0,0,0,0,2,0,14,23,3,1,1,0,9,15,2,1,0,0,6,0,1,0,3,0,2,0,1,0
186,23,holdout_Text_Anxiety.jsonl,5,1,0,0,0,0,0,0,0,0,0,0,0,0,1,0,17,21,8,4,0,2,6,11,1,2,1,0,3,3,0,0,3,2,0,1,0,0,0,2,0,1,0,0,0,0,0,0,0,1,0,0,4,0,18,9,4,0,2,1,10,4,4,2,0,0,3,1,0,0,3,0,0,1,0,0,2,4,0,1,0,0,0,0,0,0,0,0,0,0,2,0,6,14,3,0,0,0,2,9,1,1,0,0,3,0,0,0,2,0,1,0,0,0,5,3,1,0,0,0,1,0,0,0,0,0,0,0,2,0,19,23,4,1,3,0,14,15,9,1,0,0,1,0,0,0,1,0,0,0,0,0
187,23,holdout_Text_Numeracy.jsonl,0,1,1,0,0,0,1,0,0,0,1,0,0,0,2,0,18,21,6,4,1,2,7,11,1,2,0,0,1,3,0,0,1,2,0,1,0,0,3,2,1,1,1,0,0,0,0,0,0,1,0,0,2,0,10,9,2,0,2,1,6,4,2,2,0,0,0,1,0,0,0,0,0,1,0,0,4,4,3,1,0,0,2,0,0,0,1,0,0,0,0,0,13,14,1,0,3,0,15,9,5,1,0,0,4,0,0,0,3,0,1,0,0,0,6,3,0,0,0,0,0,0,0,0,0,0,0,0,3,0,19,23,3,1,2,0,6,15,2,1,0,0,2,0,0,0,1,0,1,0,0,0
188,23,holdout_Text_SubjectiveLit.jsonl,3,1,0,0,0,0,0,0,0,0,0,0,0,0,0,0,16,21,3,4,4,2,8,11,2,2,0,0,5,3,0,0,3,2,2,1,0,0,0,2,2,1,1,0,0,0,0,0,0,1,0,0,1,0,10,9,1,0,2,1,6,4,3,2,1,0,2,1,0,0,2,0,0,1,0,0,4,4,0,1,0,0,0,0,0,0,0,0,2,0,0,0,16,14,2,0,1,0,12,9,1,1,0,0,3,0,2,0,1,0,0,0,0,0,3,3,0,0,0,0,0,0,0,0,0,0,1,0,1,0,18,23,4,1,1,0,17,15,4,1,0,0,0,0,0,0,0,0,0,0,0,0
189,23,holdout_Text_TrustPhys.jsonl,3,1,0,0,0,0,0,0,0,0,0,0,1,0,0,0,20,21,6,4,2,2,9,11,2,2,0,0,3,3,0,0,2,2,1,1,0,0,2,2,1,1,1,0,0,0,0,0,0,1,0,0,1,0,12,9,1,0,1,1,7,4,1,2,0,0,4,1,1,0,3,0,1,1,0,0,0,4,2,1,0,0,1,0,0,0,0,0,0,0,1,0,18,14,4,0,2,0,13,9,5,1,0,0,3,0,0,0,3,0,0,0,0,0,6,3,0,0,0,0,0,0,0,0,0,0,0,0,1,0,7,23,1,1,1,0,3,15,2,1,0,0,2,0,0,0,1,0,1,0,0,0
190,23,Baseline Zero Shot,1,1,0,0,0,0,0,0,0,0,0,0,0,0,1,0,10,21,2,4,2,2,10,11,1,2,0,0,5,3,0,0,4,2,1,1,0,0,1,2,3,1,1,0,0,0,0,0,1,1,0,0,2,0,14,9,4,0,2,1,5,4,3,2,0,0,2,1,0,0,1,0,1,1,0,0,5,4,2,1,0,0,0,0,2,0,0,0,0,0,1,0,10,14,0,0,0,0,8,9,4,1,0,0,4,0,2,0,2,0,0,0,2,0,3,3,0,0,0,0,0,0,0,0,0,0,1,0,1,0,13,23,1,1,1,0,17,15,5,1,0,0,2,0,0,0,2,0,0,0,0,0
191,23,no_system_prompt.jsonl,2,1,0,0,0,0,0,0,0,0,0,0,0,0,2,0,15,21,5,4,4,2,12,11,2,2,0,0,6,3,1,0,4,2,2,1,0,0,0,2,2,1,0,0,0,0,0,0,0,1,0,0,1,0,6,9,1,0,2,1,5,4,1,2,0,0,2,1,0,0,2,0,0,1,0,0,2,4,1,1,0,0,0,0,1,0,0,0,1,0,0,0,10,14,1,0,2,0,10,9,4,1,0,0,3,0,1,0,1,0,1,0,0,0,7,3,0,0,0,0,0,0,0,0,1,0,0,0,1,0,13,23,2,1,2,0,10,15,5,1,0,0,0,0,0,0,0,0,0,0,0,0
192,24,all_4.jsonl,0,1,0,0,0,0,0,0,0,0,0,1,0,1,1,0,20,4,5,0,2,0,12,3,4,0,0,0,4,1,0,1,4,0,0,0,0,0,3,2,0,1,0,1,0,0,0,0,0,0,0,0,0,1,7,5,2,1,1,0,8,1,2,0,0,0,1,1,0,0,1,0,0,1,0,0,1,1,1,1,0,0,1,0,0,1,0,1,1,0,3,0,14,5,3,2,2,0,6,2,2,1,0,0,5,1,3,0,1,1,1,0,0,0,4,4,0,0,0,0,0,0,0,0,0,0,0,0,2,0,10,3,2,0,0,0,5,3,1,0,0,0,0,0,0,0,0,0,0,0,0,0
193,24,conditioning_on_all.jsonl,4,1,0,0,0,0,0,0,0,0,1,1,1,1,1,0,18,4,7,0,2,0,10,3,3,0,0,0,2,1,0,1,2,0,0,0,0,0,1,2,1,1,0,1,0,0,0,0,1,0,1,0,1,1,16,5,3,1,1,0,9,1,3,0,0,0,4,1,0,0,4,0,0,1,0,0,2,1,1,1,0,0,0,0,1,1,1,1,1,0,0,0,12,5,0,2,0,0,14,2,2,1,0,0,5,1,1,0,4,1,0,0,0,0,6,4,0,0,0,0,0,0,0,0,0,0,0,0,2,0,13,3,3,0,2,0,9,3,3,0,0,0,4,0,1,0,2,0,1,0,0,0
194,24,holdout_Text_Anxiety.jsonl,5,1,0,0,0,0,0,0,0,0,0,1,0,1,0,0,18,4,7,0,3,0,18,3,5,0,0,0,6,1,0,1,5,0,1,0,0,0,1,2,1,1,0,1,0,0,0,0,0,0,1,0,1,1,10,5,2,1,1,0,2,1,0,0,0,0,4,1,1,0,1,0,2,1,0,0,2,1,2,1,0,0,1,0,0,1,0,1,0,0,1,0,12,5,1,2,2,0,9,2,3,1,0,0,6,1,1,0,5,1,0,0,0,0,7,4,0,0,0,0,0,0,0,0,0,0,2,0,1,0,17,3,4,0,0,0,14,3,1,0,0,0,3,0,0,0,2,0,1,0,0,0
195,24,holdout_Text_Numeracy.jsonl,5,1,0,0,0,0,0,0,0,0,0,1,0,1,1,0,15,4,7,0,1,0,9,3,2,0,0,0,3,1,0,1,3,0,0,0,0,0,6,2,1,1,1,1,0,0,0,0,0,0,0,0,3,1,13,5,2,1,0,0,5,1,1,0,0,0,2,1,1,0,1,0,0,1,0,0,1,1,2,1,0,0,1,0,0,1,0,1,1,0,1,0,7,5,1,2,1,0,5,2,2,1,0,0,2,1,1,0,1,1,0,0,0,0,4,4,0,0,0,0,0,0,0,0,0,0,2,0,1,0,9,3,1,0,1,0,10,3,1,0,0,0,4,0,1,0,2,0,1,0,0,0
196,24,holdout_Text_SubjectiveLit.jsonl,5,1,0,0,0,0,0,0,0,0,0,1,0,1,1,0,14,4,6,0,2,0,13,3,3,0,0,0,3,1,0,1,3,0,0,0,0,0,4,2,1,1,1,1,0,0,0,0,0,0,0,0,1,1,9,5,3,1,0,0,5,1,0,0,0,0,1,1,0,0,1,0,0,1,0,0,1,1,1,1,0,0,1,0,0,1,0,1,1,0,1,0,16,5,3,2,3,0,9,2,5,1,0,0,3,1,0,0,2,1,1,0,0,0,5,4,1,0,0,0,1,0,0,0,0,0,0,0,1,0,11,3,3,0,1,0,9,3,2,0,0,0,2,0,0,0,1,0,1,0,0,0
197,24,holdout_Text_TrustPhys.jsonl,3,1,0,0,0,0,0,0,0,0,1,1,0,1,0,0,15,4,3,0,3,0,13,3,1,0,0,0,8,1,0,1,5,0,3,0,0,0,3,2,1,1,0,1,0,0,0,0,1,0,1,0,1,1,8,5,2,1,0,0,5,1,1,0,0,0,1,1,1,0,0,0,0,1,0,0,1,1,0,1,0,0,0,0,0,1,0,1,0,0,0,0,14,5,2,2,2,0,3,2,1,1,0,0,4,1,0,0,2,1,2,0,0,0,2,4,0,0,0,0,0,0,0,0,0,0,1,0,0,0,10,3,1,0,2,0,13,3,2,0,0,0,0,0,0,0,0,0,0,0,0,0
198,24,Baseline Zero Shot,2,1,0,0,0,0,0,0,0,0,0,1,0,1,1,0,14,4,4,0,2,0,13,3,3,0,0,0,5,1,0,1,4,0,1,0,0,0,2,2,1,1,1,1,0,0,0,0,0,0,0,0,4,1,15,5,4,1,2,0,5,1,3,0,0,0,2,1,0,0,1,0,1,1,0,0,4,1,0,1,0,0,0,0,0,1,0,1,0,0,0,0,10,5,2,2,2,0,14,2,4,1,0,0,4,1,1,0,3,1,1,0,1,0,3,4,0,0,0,0,0,0,0,0,1,0,1,0,1,0,15,3,6,0,3,0,13,3,4,0,0,0,4,0,0,0,2,0,2,0,0,0
199,24,no_system_prompt.jsonl,4,1,1,0,0,0,1,0,0,0,0,1,0,1,2,0,18,4,5,0,1,0,12,3,2,0,0,0,6,1,2,1,4,0,0,0,0,0,4,2,1,1,1,1,0,0,0,0,0,0,0,0,2,1,13,5,4,1,0,0,3,1,0,0,0,0,0,1,0,0,0,0,0,1,0,0,2,1,1,1,0,0,0,0,1,1,0,1,0,0,0,0,11,5,2,2,0,0,4,2,0,1,0,0,2,1,1,0,2,1,0,0,1,0,4,4,0,0,0,0,0,0,0,0,0,0,0,0,0,0,8,3,0,0,0,0,12,3,3,0,0,0,2,0,0,0,1,0,1,0,0,0
200,25,all_4.jsonl,5,1,0,0,0,0,0,0,0,0,0,0,0,0,2,1,16,7,7,5,2,0,7,2,1,0,0,0,6,0,1,0,3,0,2,0,0,0,0,3,2,1,2,0,0,1,0,0,1,0,0,0,1,0,14,4,1,0,2,0,5,0,1,0,0,0,2,0,0,0,2,0,0,0,0,0,3,1,2,0,0,0,0,0,0,0,0,0,0,0,1,1,15,5,3,1,1,0,6,3,1,1,0,0,4,1,0,1,3,0,1,0,0,0,6,3,0,0,0,0,0,0,0,0,0,2,0,1,1,1,19,4,3,3,3,0,7,2,4,0,0,0,2,1,0,1,1,0,1,0,0,0
201,25,conditioning_on_all.jsonl,5,1,0,0,0,0,0,0,0,0,0,0,0,0,1,1,16,7,5,5,2,0,9,2,2,0,0,0,4,0,0,0,3,0,1,0,0,0,1,3,1,1,0,0,0,1,0,0,0,0,2,0,3,0,19,4,3,0,2,0,7,0,3,0,0,0,2,0,0,0,1,0,1,0,0,0,0,1,1,0,0,0,1,0,0,0,1,0,0,0,0,1,10,5,1,1,2,0,4,3,2,1,0,0,2,1,0,1,2,0,0,0,0,0,3,3,0,0,0,0,0,0,0,0,1,2,0,1,2,1,17,4,4,3,2,0,9,2,1,0,0,0,2,1,0,1,1,0,1,0,0,0
202,25,holdout_Text_Anxiety.jsonl,5,1,0,0,0,0,0,0,0,0,0,0,0,0,1,1,13,7,6,5,1,0,8,2,3,0,0,0,3,0,0,0,2,0,1,0,0,0,0,3,1,1,0,0,0,1,0,0,0,0,0,0,0,0,6,4,0,0,2,0,2,0,0,0,0,0,2,0,0,0,1,0,1,0,0,0,1,1,0,0,0,0,0,0,0,0,1,0,0,0,2,1,15,5,2,1,3,0,9,3,3,1,0,0,4,1,3,1,1,0,0,0,0,0,8,3,1,0,0,0,0,0,0,0,0,2,1,1,1,1,19,4,3,3,1,0,5,2,1,0,0,0,3,1,0,1,2,0,1,0,0,0
203,25,holdout_Text_Numeracy.jsonl,2,1,0,0,0,0,0,0,0,0,0,0,0,0,0,1,21,7,7,5,3,0,13,2,3,0,0,0,7,0,0,0,6,0,1,0,0,0,3,3,2,1,1,0,0,1,0,0,0,0,1,0,0,0,11,4,1,0,0,0,5,0,1,0,0,0,2,0,0,0,2,0,0,0,0,0,2,1,0,0,0,0,0,0,0,0,1,0,1,0,0,1,11,5,3,1,1,0,7,3,2,1,0,0,2,1,1,1,1,0,1,0,0,0,3,3,0,0,0,0,0,0,0,0,0,2,0,1,2,1,15,4,4,3,2,0,5,2,1,0,0,0,1,1,0,1,0,0,1,0,0,0
204,25,holdout_Text_SubjectiveLit.jsonl,3,1,1,0,0,0,1,0,0,0,0,0,0,0,2,1,12,7,5,5,2,0,10,2,1,0,0,0,5,0,0,0,4,0,1,0,0,0,1,3,2,1,0,0,0,1,1,0,0,0,0,0,4,0,14,4,3,0,1,0,3,0,1,0,0,0,1,0,1,0,0,0,0,0,0,0,3,1,1,0,1,0,0,0,0,0,0,0,0,0,1,1,12,5,2,1,1,0,5,3,3,1,0,0,3,1,1,1,1,0,0,0,1,0,2,3,0,0,0,0,0,0,0,0,0,2,0,1,2,1,20,4,4,3,2,0,6,2,1,0,0,0,1,1,0,1,0,0,1,0,0,0
205,25,holdout_Text_TrustPhys.jsonl,2,1,1,0,1,0,0,0,0,0,0,0,0,0,1,1,22,7,6,5,3,0,12,2,4,0,0,0,2,0,0,0,2,0,0,0,0,0,0,3,2,1,0,0,0,1,0,0,0,0,0,0,4,0,16,4,4,0,2,0,5,0,2,0,0,0,0,0,0,0,0,0,0,0,0,0,5,1,2,0,0,0,0,0,0,0,0,0,0,0,0,1,16,5,4,1,1,0,12,3,4,1,0,0,3,1,2,1,1,0,0,0,0,0,5,3,0,0,0,0,0,0,0,0,1,2,1,1,2,1,16,4,5,3,3,0,11,2,2,0,0,0,4,1,1,1,2,0,1,0,0,0
206,25,Baseline Zero Shot,2,1,0,0,0,0,0,0,0,0,0,0,0,0,1,1,17,7,4,5,4,0,12,2,1,0,0,0,3,0,0,0,2,0,1,0,0,0,3,3,2,1,1,0,0,1,0,0,0,0,0,0,3,0,17,4,3,0,2,0,9,0,7,0,0,0,2,0,0,0,1,0,1,0,0,0,1,1,0,0,0,0,0,0,0,0,0,0,0,0,0,1,13,5,1,1,1,0,9,3,2,1,0,0,3,1,2,1,2,0,0,0,1,0,4,3,1,0,1,0,0,0,0,0,0,2,1,1,2,1,15,4,3,3,2,0,16,2,6,0,0,0,3,1,1,1,2,0,1,0,0,0
207,25,no_system_prompt.jsonl,2,1,0,0,0,0,0,0,0,0,0,0,0,0,1,1,13,7,4,5,1,0,9,2,1,0,0,0,5,0,0,0,5,0,0,0,0,0,0,3,3,1,1,0,0,1,0,0,0,0,1,0,1,0,6,4,2,0,1,0,7,0,2,0,0,0,2,0,0,0,2,0,0,0,0,0,2,1,1,0,0,0,1,0,0,0,0,0,0,0,0,1,18,5,2,1,6,0,10,3,4,1,0,0,4,1,0,1,4,0,0,0,0,0,4,3,1,0,0,0,1,0,0,0,1,2,0,1,2,1,14,4,3,3,3,0,7,2,3,0,0,0,2,1,0,1,1,0,1,0,0,0
208,26,all_4.jsonl,3,3,1,0,1,0,0,0,0,0,0,0,0,0,2,1,20,6,6,2,0,1,11,6,0,2,0,0,4,1,0,0,4,1,0,0,0,0,0,2,2,3,1,3,0,0,0,0,0,1,0,0,3,1,15,8,3,2,1,1,4,5,0,1,0,0,3,1,0,0,2,0,1,0,0,1,6,1,0,1,0,0,0,0,0,0,0,0,0,0,1,1,14,8,2,0,1,2,9,5,3,1,0,0,4,1,0,0,3,0,1,1,0,0,2,3,0,0,0,0,0,0,0,0,0,0,0,0,2,2,13,9,4,2,2,0,8,4,1,1,0,0,5,0,0,0,2,0,3,0,0,0
209,26,conditioning_on_all.jsonl,6,3,0,0,0,0,0,0,0,0,0,0,0,0,0,1,19,6,4,2,3,1,8,6,3,2,0,0,4,1,0,0,3,1,1,0,0,0,1,2,3,3,2,3,0,0,0,0,0,1,0,0,1,1,13,8,1,2,0,1,4,5,1,1,0,0,6,1,0,0,4,0,2,0,0,1,3,1,0,1,0,0,0,0,0,0,0,0,0,0,1,1,17,8,5,0,0,2,7,5,1,1,0,0,1,1,0,0,1,0,0,1,0,0,1,3,1,0,0,0,0,0,0,0,0,0,0,0,3,2,18,9,4,2,3,0,9,4,3,1,0,0,5,0,0,0,4,0,1,0,0,0
210,26,holdout_Text_Anxiety.jsonl,4,3,0,0,0,0,0,0,0,0,0,0,0,0,0,1,14,6,3,2,3,1,6,6,2,2,0,0,4,1,0,0,2,1,2,0,0,0,1,2,1,3,1,3,0,0,0,0,0,1,0,0,2,1,16,8,3,2,0,1,9,5,2,1,0,0,3,1,0,0,2,0,1,0,0,1,4,1,0,1,0,0,0,0,0,0,2,0,2,0,3,1,12,8,2,0,0,2,17,5,1,1,0,0,11,1,7,0,5,0,0,1,1,0,1,3,0,0,0,0,0,0,0,0,0,0,1,0,1,2,11,9,3,2,0,0,10,4,1,1,0,0,1,0,0,0,1,0,0,0,0,0
211,26,holdout_Text_Numeracy.jsonl,3,3,0,0,0,0,0,0,0,0,0,0,0,0,1,1,20,6,8,2,2,1,13,6,2,2,0,0,6,1,0,0,5,1,1,0,0,0,2,2,3,3,2,3,0,0,0,0,0,1,0,0,1,1,11,8,1,2,1,1,3,5,0,1,0,0,2,1,0,0,2,0,0,0,0,1,3,1,1,1,0,0,0,0,0,0,0,0,0,0,1,1,17,8,4,0,0,2,8,5,2,1,0,0,3,1,0,0,3,0,0,1,0,0,4,3,0,0,0,0,0,0,0,0,1,0,1,0,3,2,9,9,4,2,0,0,10,4,3,1,0,0,0,0,0,0,0,0,0,0,0,0
212,26,holdout_Text_SubjectiveLit.jsonl,3,3,0,0,0,0,0,0,0,0,1,0,1,0,2,1,21,6,6,2,0,1,14,6,1,2,0,0,6,1,0,0,5,1,1,0,0,0,2,2,2,3,1,3,0,0,0,0,0,1,0,0,0,1,11,8,1,2,1,1,9,5,1,1,0,0,0,1,0,0,0,0,0,0,0,1,0,1,0,1,0,0,0,0,0,0,0,0,1,0,1,1,10,8,1,0,0,2,9,5,1,1,0,0,3,1,2,0,1,0,0,1,2,0,4,3,0,0,0,0,0,0,0,0,2,0,1,0,1,2,14,9,2,2,2,0,7,4,2,1,0,0,4,0,0,0,2,0,2,0,0,0
213,26,holdout_Text_TrustPhys.jsonl,3,3,0,0,0,0,0,0,0,0,0,0,0,0,0,1,17,6,6,2,5,1,16,6,5,2,0,0,4,1,0,0,3,1,1,0,0,0,1,2,1,3,0,3,0,0,0,0,0,1,0,0,2,1,11,8,2,2,0,1,3,5,0,1,0,0,0,1,0,0,0,0,0,0,0,1,7,1,1,1,0,0,0,0,0,0,1,0,1,0,2,1,14,8,2,0,2,2,5,5,3,1,0,0,3,1,1,0,2,0,0,1,0,0,4,3,2,0,1,0,0,0,1,0,0,0,1,0,2,2,16,9,2,2,3,0,10,4,2,1,0,0,4,0,1,0,0,0,3,0,0,0
214,26,Baseline Zero Shot,2,3,0,0,0,0,0,0,0,0,0,0,0,0,0,1,8,6,3,2,3,1,12,6,2,2,0,0,5,1,1,0,3,1,2,0,0,0,2,2,2,3,1,3,0,0,0,0,0,1,0,0,3,1,13,8,4,2,2,1,8,5,5,1,0,0,2,1,0,0,1,0,1,0,0,1,1,1,2,1,0,0,0,0,1,0,0,0,1,0,0,1,9,8,2,0,1,2,4,5,4,1,0,0,2,1,1,0,1,0,0,1,0,0,2,3,0,0,0,0,0,0,0,0,0,0,0,0,2,2,16,9,4,2,1,0,13,4,3,1,0,0,1,0,0,0,1,0,0,0,0,0
215,26,no_system_prompt.jsonl,2,3,0,0,0,0,0,0,0,0,0,0,0,0,1,1,13,6,6,2,2,1,11,6,4,2,0,0,6,1,2,0,4,1,2,0,0,0,0,2,2,3,1,3,0,0,0,0,0,1,0,0,1,1,14,8,2,2,2,1,8,5,3,1,0,0,2,1,0,0,2,0,0,0,0,1,3,1,0,1,0,0,0,0,0,0,0,0,1,0,0,1,7,8,3,0,0,2,6,5,1,1,0,0,2,1,1,0,1,0,0,1,0,0,3,3,0,0,0,0,0,0,0,0,0,0,0,0,2,2,17,9,3,2,2,0,7,4,2,1,0,0,3,0,0,0,1,0,2,0,0,0
216,27,all_4.jsonl,3,4,0,0,0,0,0,0,0,0,0,0,0,0,0,0,16,8,5,3,4,2,11,5,4,1,0,0,6,1,0,0,5,1,1,0,0,0,2,1,1,0,1,0,0,0,0,0,0,0,0,0,2,1,23,6,4,2,0,0,9,1,1,1,0,0,1,0,0,0,0,0,1,0,0,0,4,1,2,1,0,0,0,1,0,0,0,0,0,0,0,0,11,3,0,0,0,2,5,3,2,3,0,0,2,5,0,0,2,1,0,3,0,1,3,3,0,0,0,0,0,0,0,0,0,0,0,0,1,1,16,7,2,1,4,1,8,4,1,0,0,0,2,1,0,0,1,0,1,1,0,0
217,27,conditioning_on_all.jsonl,6,4,0,0,0,0,0,0,0,0,0,0,0,0,0,0,20,8,5,3,2,2,10,5,1,1,0,0,7,1,1,0,5,1,1,0,0,0,0,1,2,0,1,0,0,0,0,0,0,0,0,0,2,1,16,6,4,2,2,0,9,1,2,1,0,0,6,0,0,0,4,0,2,0,0,0,1,1,0,1,0,0,0,1,0,0,1,0,4,0,0,0,8,3,0,0,0,2,15,3,5,3,0,0,7,5,3,0,3,1,1,3,0,1,3,3,1,0,0,0,0,0,1,0,2,0,0,0,2,1,20,7,4,1,4,1,9,4,2,0,0,0,2,1,0,0,1,0,1,1,0,0
218,27,holdout_Text_Anxiety.jsonl,5,4,0,0,0,0,0,0,0,0,0,0,1,0,2,0,20,8,7,3,3,2,15,5,4,1,0,0,4,1,0,0,4,1,0,0,0,0,0,1,0,0,0,0,0,0,0,0,0,0,0,0,1,1,15,6,3,2,2,0,6,1,2,1,0,0,1,0,0,0,1,0,0,0,0,0,5,1,1,1,0,0,1,1,0,0,0,0,0,0,1,0,13,3,1,0,1,2,4,3,3,3,0,0,5,5,1,0,3,1,2,3,0,1,4,3,1,0,0,0,1,0,0,0,0,0,2,0,1,1,20,7,3,1,4,1,11,4,3,0,0,0,2,1,0,0,1,0,1,1,0,0
219,27,holdout_Text_Numeracy.jsonl,4,4,0,0,0,0,0,0,0,0,0,0,0,0,0,0,15,8,5,3,2,2,10,5,3,1,0,0,5,1,1,0,4,1,0,0,0,0,2,1,1,0,1,0,0,0,0,0,0,0,0,0,1,1,9,6,1,2,2,0,7,1,2,1,0,0,2,0,1,0,1,0,1,0,0,0,1,1,1,1,0,0,0,1,0,0,0,0,0,0,1,0,15,3,4,0,2,2,2,3,0,3,0,0,3,5,2,0,1,1,0,3,0,1,4,3,0,0,0,0,0,0,0,0,0,0,0,0,1,1,13,7,5,1,1,1,6,4,1,0,0,0,2,1,0,0,1,0,0,1,1,0
220,27,holdout_Text_SubjectiveLit.jsonl,5,4,0,0,0,0,0,0,0,0,0,0,0,0,1,0,16,8,6,3,1,2,9,5,2,1,0,0,1,1,0,0,1,1,0,0,0,0,0,1,3,0,1,0,0,0,0,0,1,0,1,0,1,1,19,6,2,2,1,0,12,1,3,1,0,0,3,0,0,0,3,0,0,0,0,0,4,1,3,1,0,0,0,1,0,0,0,0,0,0,0,0,10,3,1,0,1,2,11,3,4,3,0,0,4,5,0,0,3,1,1,3,0,1,4,3,0,0,0,0,0,0,0,0,0,0,0,0,1,1,16,7,5,1,1,1,7,4,2,0,0,0,1,1,0,0,0,0,1,1,0,0
221,27,holdout_Text_TrustPhys.jsonl,8,4,0,0,0,0,0,0,0,0,1,0,0,0,2,0,14,8,3,3,3,2,9,5,3,1,0,0,7,1,0,0,5,1,2,0,0,0,0,1,3,0,1,0,0,0,0,0,0,0,0,0,2,1,14,6,3,2,1,0,6,1,1,1,0,0,2,0,0,0,2,0,0,0,0,0,1,1,0,1,0,0,0,1,0,0,0,0,0,0,1,0,18,3,3,0,1,2,9,3,2,3,0,0,5,5,1,0,4,1,0,3,2,1,4,3,0,0,0,0,0,0,0,0,0,0,0,0,1,1,11,7,3,1,1,1,6,4,3,0,0,0,2,1,0,0,1,0,1,1,0,0
222,27,Baseline Zero Shot,2,4,0,0,0,0,0,0,0,0,0,0,0,0,1,0,12,8,6,3,3,2,8,5,0,1,0,0,5,1,1,0,3,1,2,0,0,0,2,1,2,0,2,0,0,0,0,0,0,0,0,0,3,1,19,6,6,2,1,0,6,1,1,1,0,0,2,0,1,0,1,0,1,0,0,0,4,1,1,1,0,0,1,1,0,0,0,0,0,0,0,0,10,3,2,0,1,2,12,3,5,3,0,0,4,5,3,0,3,1,0,3,2,1,5,3,0,0,0,0,0,0,0,0,1,0,0,0,2,1,18,7,4,1,3,1,10,4,2,0,0,0,1,1,0,0,0,0,1,1,0,0
223,27,no_system_prompt.jsonl,0,4,0,0,0,0,0,0,0,0,0,0,0,0,1,0,15,8,7,3,1,2,12,5,1,1,0,0,6,1,0,0,6,1,0,0,0,0,1,1,1,0,0,0,0,0,0,0,0,0,0,0,2,1,15,6,2,2,1,0,5,1,2,1,0,0,2,0,0,0,2,0,0,0,0,0,2,1,1,1,0,0,0,1,0,0,0,0,0,0,1,0,10,3,2,0,0,2,6,3,2,3,0,0,5,5,1,0,3,1,0,3,1,1,3,3,0,0,0,0,0,0,0,0,0,0,1,0,2,1,16,7,3,1,2,1,9,4,3,0,0,0,1,1,0,0,0,0,1,1,0,0
224,28,all_4.jsonl,2,2,0,0,0,0,0,0,0,0,0,0,0,0,1,0,17,11,5,4,4,2,12,8,3,4,0,0,7,2,1,1,5,1,1,1,0,0,2,0,0,0,0,0,0,0,0,0,0,1,0,0,2,1,12,7,2,1,0,3,1,2,0,2,0,0,1,0,0,0,0,0,1,0,0,0,3,3,1,2,0,0,0,0,0,0,1,0,0,0,0,1,13,7,0,2,0,0,2,5,0,2,0,0,1,3,1,0,1,3,0,0,1,0,4,2,0,1,0,0,0,0,0,0,0,0,0,0,0,0,11,13,1,2,0,2,13,7,2,2,0,0,3,3,0,0,2,3,0,0,1,0
225,28,conditioning_on_all.jsonl,1,2,1,0,0,0,1,0,0,0,1,0,0,0,0,0,19,11,8,4,2,2,15,8,3,4,0,0,6,2,0,1,6,1,0,1,0,0,3,0,0,0,0,0,0,0,0,0,1,1,0,0,2,1,18,7,3,1,3,3,6,2,3,2,0,0,4,0,0,0,2,0,2,0,0,0,2,3,1,2,0,0,1,0,0,0,1,0,0,0,0,1,14,7,0,2,3,0,7,5,4,2,0,0,3,3,1,0,0,3,1,0,1,0,4,2,0,1,0,0,0,0,0,0,0,0,2,0,0,0,14,13,2,2,0,2,17,7,2,2,0,0,4,3,0,0,4,3,0,0,0,0
226,28,holdout_Text_Anxiety.jsonl,2,2,0,0,0,0,0,0,0,0,0,0,0,0,1,0,20,11,6,4,2,2,18,8,3,4,0,0,5,2,0,1,5,1,0,1,0,0,0,0,1,0,0,0,1,0,0,0,0,1,0,0,1,1,14,7,2,1,3,3,8,2,2,2,0,0,4,0,0,0,2,0,2,0,0,0,2,3,0,2,0,0,0,0,0,0,0,0,1,0,3,1,13,7,2,2,0,0,9,5,1,2,0,0,3,3,1,0,1,3,0,0,1,0,6,2,0,1,0,0,0,0,0,0,0,0,1,0,2,0,17,13,4,2,1,2,14,7,2,2,0,0,5,3,0,0,5,3,0,0,0,0
227,28,holdout_Text_Numeracy.jsonl,1,2,0,0,0,0,0,0,0,0,0,0,0,0,0,0,19,11,7,4,1,2,14,8,1,4,0,0,7,2,0,1,7,1,0,1,0,0,3,0,0,0,0,0,0,0,0,0,0,1,0,0,1,1,17,7,1,1,3,3,8,2,3,2,0,0,4,0,0,0,3,0,1,0,0,0,0,3,1,2,0,0,1,0,0,0,0,0,0,0,0,1,14,7,0,2,4,0,12,5,6,2,0,0,7,3,1,0,4,3,2,0,0,0,2,2,0,1,0,0,0,0,0,0,0,0,0,0,0,0,18,13,3,2,3,2,12,7,1,2,0,0,4,3,0,0,3,3,1,0,0,0
228,28,holdout_Text_SubjectiveLit.jsonl,1,2,0,0,0,0,0,0,0,0,0,0,0,0,2,0,16,11,6,4,2,2,11,8,3,4,0,0,5,2,0,1,5,1,0,1,0,0,2,0,1,0,0,0,0,0,0,0,0,1,0,0,2,1,12,7,2,1,1,3,2,2,1,2,0,0,2,0,1,0,0,0,1,0,0,0,1,3,1,2,0,0,0,0,1,0,0,0,0,0,0,1,10,7,0,2,1,0,7,5,2,2,0,0,0,3,0,0,0,3,0,0,0,0,6,2,0,1,0,0,0,0,0,0,0,0,1,0,1,0,14,13,4,2,1,2,9,7,1,2,0,0,5,3,0,0,4,3,1,0,0,0
229,28,holdout_Text_TrustPhys.jsonl,4,2,0,0,0,0,0,0,0,0,0,0,0,0,0,0,25,11,7,4,2,2,11,8,3,4,0,0,5,2,1,1,4,1,0,1,0,0,1,0,1,0,0,0,0,0,0,0,0,1,0,0,1,1,16,7,4,1,1,3,6,2,0,2,0,0,2,0,0,0,1,0,1,0,0,0,2,3,0,2,0,0,0,0,0,0,0,0,1,0,0,1,13,7,3,2,1,0,8,5,2,2,0,0,7,3,3,0,3,3,1,0,2,0,3,2,0,1,0,0,0,0,0,0,0,0,1,0,0,0,18,13,2,2,2,2,8,7,1,2,0,0,1,3,0,0,0,3,1,0,0,0
230,28,Baseline Zero Shot,3,2,0,0,0,0,0,0,0,0,0,0,0,0,1,0,14,11,2,4,4,2,12,8,2,4,0,0,5,2,0,1,3,1,2,1,0,0,4,0,3,0,1,0,0,0,0,0,0,1,0,0,5,1,19,7,5,1,2,3,8,2,3,2,0,0,4,0,1,0,2,0,1,0,0,0,0,3,0,2,0,0,0,0,0,0,2,0,0,0,0,1,10,7,5,2,0,0,4,5,0,2,0,0,3,3,1,0,1,3,1,0,0,0,6,2,1,1,0,0,0,0,1,0,1,0,1,0,4,0,17,13,3,2,2,2,14,7,4,2,0,0,4,3,2,0,1,3,1,0,0,0
231,28,no_system_prompt.jsonl,5,2,0,0,0,0,0,0,0,0,0,0,0,0,1,0,19,11,7,4,2,2,10,8,2,4,0,0,6,2,0,1,5,1,0,1,1,0,0,0,1,0,1,0,0,0,0,0,0,1,0,0,3,1,9,7,3,1,0,3,1,2,0,2,0,0,1,0,1,0,0,0,0,0,0,0,2,3,0,2,0,0,0,0,0,0,0,0,0,0,1,1,7,7,2,2,0,0,4,5,2,2,0,0,0,3,0,0,0,3,0,0,0,0,4,2,0,1,0,0,0,0,0,0,0,0,0,0,0,0,9,13,1,2,1,2,7,7,5,2,0,0,0,3,0,0,0,3,0,0,0,0
232,29,all_4.jsonl,4,1,0,0,0,0,0,0,0,0,0,0,0,0,0,0,20,5,9,1,2,0,12,4,3,1,0,0,6,1,0,0,6,1,0,0,0,0,4,3,0,0,0,0,0,0,0,0,0,0,1,0,2,1,23,3,3,1,3,0,7,1,0,1,0,0,3,1,0,1,1,0,2,1,0,0,0,0,1,0,0,0,1,0,0,0,1,0,0,0,2,0,8,6,1,1,2,2,8,3,3,1,0,0,9,4,2,0,4,3,2,1,1,0,6,3,0,0,0,0,0,0,0,0,0,0,0,0,1,0,17,3,4,1,1,0,7,3,2,0,0,0,2,2,0,0,1,2,1,0,0,0
233,29,conditioning_on_all.jsonl,3,1,0,0,0,0,0,0,0,0,0,0,0,0,0,0,9,5,4,1,1,0,13,4,4,1,0,0,7,1,0,0,7,1,0,0,0,0,1,3,4,0,2,0,0,0,1,0,1,0,0,0,0,1,12,3,0,1,1,0,11,1,4,1,0,0,3,1,0,1,3,0,0,1,0,0,2,0,1,0,0,0,1,0,0,0,1,0,0,0,2,0,17,6,1,1,3,2,8,3,2,1,1,0,9,4,3,0,4,3,3,1,1,0,4,3,0,0,0,0,0,0,0,0,0,0,1,0,1,0,17,3,4,1,5,0,16,3,3,0,0,0,3,2,0,0,2,2,1,0,0,0
234,29,holdout_Text_Anxiety.jsonl,5,1,1,0,0,0,1,0,0,0,0,0,0,0,1,0,15,5,4,1,2,0,10,4,2,1,0,0,5,1,2,0,3,1,1,0,0,0,3,3,0,0,0,0,0,0,0,0,1,0,0,0,2,1,21,3,5,1,4,0,7,1,1,1,0,0,5,1,1,1,2,0,2,1,0,0,1,0,0,0,0,0,0,0,0,0,0,0,0,0,2,0,9,6,0,1,1,2,10,3,5,1,0,0,4,4,2,0,1,3,1,1,0,0,6,3,0,0,0,0,0,0,0,0,1,0,2,0,3,0,14,3,4,1,1,0,15,3,2,0,0,0,2,2,1,0,1,2,0,0,0,0
235,29,holdout_Text_Numeracy.jsonl,4,1,0,0,0,0,0,0,0,0,0,0,0,0,1,0,15,5,4,1,0,0,6,4,1,1,0,0,4,1,0,0,3,1,1,0,0,0,2,3,0,0,0,0,0,0,0,0,0,0,1,0,0,1,10,3,1,1,1,0,5,1,1,1,0,0,2,1,0,1,1,0,1,1,0,0,2,0,0,0,0,0,0,0,0,0,0,0,0,0,3,0,10,6,1,1,3,2,8,3,3,1,0,0,6,4,4,0,1,3,2,1,0,0,9,3,1,0,0,0,0,0,0,0,0,0,0,0,1,0,19,3,4,1,3,0,9,3,4,0,0,0,1,2,0,0,1,2,0,0,0,0
236,29,holdout_Text_SubjectiveLit.jsonl,1,1,0,0,0,0,0,0,0,0,1,0,0,0,1,0,20,5,7,1,2,0,13,4,2,1,0,0,6,1,0,0,6,1,0,0,0,0,2,3,0,0,0,0,0,0,0,0,1,0,1,0,2,1,17,3,3,1,2,0,10,1,3,1,0,0,4,1,0,1,2,0,2,1,0,0,3,0,0,0,0,0,0,0,0,0,0,0,0,0,1,0,12,6,2,1,0,2,4,3,0,1,0,0,2,4,1,0,2,3,0,1,1,0,7,3,1,0,0,0,0,0,0,0,0,0,2,0,1,0,13,3,1,1,2,0,7,3,2,0,0,0,3,2,2,0,0,2,1,0,0,0
237,29,holdout_Text_TrustPhys.jsonl,3,1,0,0,0,0,0,0,0,0,0,0,0,0,0,0,15,5,5,1,4,0,12,4,3,1,0,0,6,1,0,0,5,1,1,0,0,0,4,3,0,0,0,0,0,0,0,0,0,0,0,0,1,1,14,3,2,1,1,0,10,1,2,1,0,0,2,1,0,1,1,0,1,1,0,0,2,0,0,0,0,0,0,0,0,0,0,0,0,0,3,0,12,6,0,1,3,2,14,3,5,1,0,0,6,4,3,0,3,3,0,1,0,0,4,3,0,0,0,0,0,0,0,0,0,0,0,0,2,0,14,3,4,1,2,0,14,3,4,0,0,0,2,2,0,0,2,2,0,0,0,0
238,29,Baseline Zero Shot,2,1,0,0,0,0,0,0,0,0,0,0,0,0,1,0,13,5,1,1,6,0,12,4,2,1,0,0,6,1,0,0,5,1,1,0,0,0,3,3,4,0,2,0,0,0,0,0,0,0,0,0,2,1,14,3,3,1,1,0,11,1,8,1,0,0,4,1,0,1,3,0,1,1,0,0,3,0,2,0,0,0,0,0,0,0,1,0,0,0,0,0,11,6,1,1,1,2,11,3,4,1,0,0,5,4,0,0,4,3,1,1,0,0,10,3,1,0,0,0,0,0,0,0,0,0,1,0,2,0,18,3,3,1,2,0,10,3,1,0,0,0,2,2,0,0,1,2,1,0,0,0
239,29,no_system_prompt.jsonl,2,1,0,0,0,0,0,0,0,0,0,0,0,0,0,0,14,5,7,1,1,0,15,4,2,1,0,0,7,1,0,0,6,1,1,0,0,0,0,3,1,0,0,0,0,0,0,0,0,0,0,0,1,1,10,3,1,1,1,0,5,1,1,1,0,0,3,1,0,1,3,0,0,1,0,0,4,0,1,0,0,0,0,0,0,0,0,0,0,0,0,0,9,6,3,1,1,2,10,3,4,1,0,0,2,4,0,0,2,3,0,1,0,0,2,3,0,0,0,0,0,0,0,0,0,0,0,0,0,0,9,3,2,1,1,0,8,3,2,0,0,0,1,2,0,0,1,2,0,0,0,0
