Sample Index,Condition,Column,Psychological Generated Mean,Psychological True Mean,Perceptual Generated Mean,Perceptual True Mean,Behavioral Generated Mean,Behavioral True Mean
0,Baseline Zero Shot,Text_SubjectiveLit,0.4,0.4,5.0,1.6666666666666667,2.75,1.0
0,Baseline Zero Shot,Text_Anxiety,0.8,0.2,3.8333333333333335,0.8333333333333334,1.875,1.0
0,Baseline Zero Shot,Text_Numeracy,0.4,0.2,2.3333333333333335,1.3333333333333333,2.375,1.0
0,Baseline Zero Shot,Text_TrustPhys,1.2,0.4,5.0,2.5,2.125,1.25
0,all_4.jsonl,Text_SubjectiveLit,0.4,0.4,5.333333333333333,1.6666666666666667,3.375,1.0
0,all_4.jsonl,Text_Anxiety,0.0,0.2,2.6666666666666665,0.8333333333333334,1.375,1.0
0,all_4.jsonl,Text_Numeracy,1.0,0.2,3.1666666666666665,1.3333333333333333,3.0,1.0
0,all_4.jsonl,Text_TrustPhys,1.0,0.4,4.166666666666667,2.5,2.25,1.25
0,conditioning_on_all.jsonl,Text_SubjectiveLit,1.2,0.4,3.5,1.6666666666666667,2.375,1.0
0,conditioning_on_all.jsonl,Text_Anxiety,1.6,0.2,4.166666666666667,0.8333333333333334,2.5,1.0
0,conditioning_on_all.jsonl,Text_Numeracy,0.6,0.2,4.333333333333333,1.3333333333333333,3.625,1.0
0,conditioning_on_all.jsonl,Text_TrustPhys,1.6,0.4,5.0,2.5,2.5,1.25
0,holdout_Text_Anxiety.jsonl,Text_SubjectiveLit,1.2,0.4,5.5,1.6666666666666667,3.75,1.0
0,holdout_Text_Anxiety.jsonl,Text_Anxiety,0.2,0.2,3.5,0.8333333333333334,1.5,1.0
0,holdout_Text_Anxiety.jsonl,Text_Numeracy,0.4,0.2,3.6666666666666665,1.3333333333333333,2.75,1.0
0,holdout_Text_Anxiety.jsonl,Text_TrustPhys,1.2,0.4,4.0,2.5,1.75,1.25
0,holdout_Text_Numeracy.jsonl,Text_SubjectiveLit,0.6,0.4,4.166666666666667,1.6666666666666667,3.25,1.0
0,holdout_Text_Numeracy.jsonl,Text_Anxiety,0.6,0.2,1.5,0.8333333333333334,0.875,1.0
0,holdout_Text_Numeracy.jsonl,Text_Numeracy,1.0,0.2,3.5,1.3333333333333333,3.25,1.0
0,holdout_Text_Numeracy.jsonl,Text_TrustPhys,1.2,0.4,4.0,2.5,2.625,1.25
0,holdout_Text_SubjectiveLit.jsonl,Text_SubjectiveLit,0.8,0.4,5.833333333333333,1.6666666666666667,2.5,1.0
0,holdout_Text_SubjectiveLit.jsonl,Text_Anxiety,0.0,0.2,2.5,0.8333333333333334,1.875,1.0
0,holdout_Text_SubjectiveLit.jsonl,Text_Numeracy,1.4,0.2,3.5,1.3333333333333333,3.125,1.0
0,holdout_Text_SubjectiveLit.jsonl,Text_TrustPhys,1.0,0.4,3.3333333333333335,2.5,1.125,1.25
0,holdout_Text_TrustPhys.jsonl,Text_SubjectiveLit,1.0,0.4,5.666666666666667,1.6666666666666667,3.5,1.0
0,holdout_Text_TrustPhys.jsonl,Text_Anxiety,0.4,0.2,4.0,0.8333333333333334,1.75,1.0
0,holdout_Text_TrustPhys.jsonl,Text_Numeracy,0.6,0.2,4.166666666666667,1.3333333333333333,3.625,1.0
0,holdout_Text_TrustPhys.jsonl,Text_TrustPhys,0.8,0.4,3.8333333333333335,2.5,1.875,1.25
0,no_system_prompt.jsonl,Text_SubjectiveLit,1.6,0.4,3.8333333333333335,1.6666666666666667,3.0,1.0
0,no_system_prompt.jsonl,Text_Anxiety,0.4,0.2,2.3333333333333335,0.8333333333333334,0.625,1.0
0,no_system_prompt.jsonl,Text_Numeracy,1.0,0.2,2.1666666666666665,1.3333333333333333,3.0,1.0
0,no_system_prompt.jsonl,Text_TrustPhys,0.8,0.4,3.6666666666666665,2.5,1.625,1.25
1,Baseline Zero Shot,Text_SubjectiveLit,0.4,0.2,2.1666666666666665,3.0,2.375,1.375
1,Baseline Zero Shot,Text_Anxiety,1.6,0.0,4.0,0.0,2.875,0.0
1,Baseline Zero Shot,Text_Numeracy,0.8,0.0,3.1666666666666665,0.6666666666666666,3.5,0.0
1,Baseline Zero Shot,Text_TrustPhys,1.0,1.4,5.0,3.5,2.125,1.875
1,all_4.jsonl,Text_SubjectiveLit,1.0,0.2,4.0,3.0,1.375,1.375
1,all_4.jsonl,Text_Anxiety,0.6,0.0,3.3333333333333335,0.0,0.875,0.0
1,all_4.jsonl,Text_Numeracy,0.6,0.0,3.1666666666666665,0.6666666666666666,2.75,0.0
1,all_4.jsonl,Text_TrustPhys,1.2,1.4,4.666666666666667,3.5,2.0,1.875
1,conditioning_on_all.jsonl,Text_SubjectiveLit,0.8,0.2,3.8333333333333335,3.0,2.5,1.375
1,conditioning_on_all.jsonl,Text_Anxiety,1.0,0.0,2.1666666666666665,0.0,1.125,0.0
1,conditioning_on_all.jsonl,Text_Numeracy,1.0,0.0,4.666666666666667,0.6666666666666666,4.5,0.0
1,conditioning_on_all.jsonl,Text_TrustPhys,1.2,1.4,5.833333333333333,3.5,2.875,1.875
1,holdout_Text_Anxiety.jsonl,Text_SubjectiveLit,0.4,0.2,6.833333333333333,3.0,3.5,1.375
1,holdout_Text_Anxiety.jsonl,Text_Anxiety,1.0,0.0,3.8333333333333335,0.0,1.25,0.0
1,holdout_Text_Anxiety.jsonl,Text_Numeracy,1.4,0.0,2.0,0.6666666666666666,3.0,0.0
1,holdout_Text_Anxiety.jsonl,Text_TrustPhys,1.0,1.4,4.0,3.5,2.125,1.875
1,holdout_Text_Numeracy.jsonl,Text_SubjectiveLit,0.8,0.2,4.833333333333333,3.0,2.625,1.375
1,holdout_Text_Numeracy.jsonl,Text_Anxiety,0.6,0.0,2.5,0.0,1.125,0.0
1,holdout_Text_Numeracy.jsonl,Text_Numeracy,0.8,0.0,4.166666666666667,0.6666666666666666,3.125,0.0
1,holdout_Text_Numeracy.jsonl,Text_TrustPhys,1.0,1.4,3.5,3.5,2.5,1.875
1,holdout_Text_SubjectiveLit.jsonl,Text_SubjectiveLit,0.4,0.2,4.666666666666667,3.0,3.0,1.375
1,holdout_Text_SubjectiveLit.jsonl,Text_Anxiety,1.2,0.0,1.6666666666666667,0.0,1.625,0.0
1,holdout_Text_SubjectiveLit.jsonl,Text_Numeracy,0.6,0.0,2.8333333333333335,0.6666666666666666,1.5,0.0
1,holdout_Text_SubjectiveLit.jsonl,Text_TrustPhys,1.8,1.4,5.166666666666667,3.5,2.125,1.875
1,holdout_Text_TrustPhys.jsonl,Text_SubjectiveLit,0.8,0.2,4.833333333333333,3.0,2.25,1.375
1,holdout_Text_TrustPhys.jsonl,Text_Anxiety,0.8,0.0,2.6666666666666665,0.0,1.0,0.0
1,holdout_Text_TrustPhys.jsonl,Text_Numeracy,0.8,0.0,1.8333333333333333,0.6666666666666666,1.875,0.0
1,holdout_Text_TrustPhys.jsonl,Text_TrustPhys,0.8,1.4,4.333333333333333,3.5,2.25,1.875
1,no_system_prompt.jsonl,Text_SubjectiveLit,0.6,0.2,3.1666666666666665,3.0,2.125,1.375
1,no_system_prompt.jsonl,Text_Anxiety,0.0,0.0,3.0,0.0,1.5,0.0
1,no_system_prompt.jsonl,Text_Numeracy,1.0,0.0,1.8333333333333333,0.6666666666666666,2.75,0.0
1,no_system_prompt.jsonl,Text_TrustPhys,1.2,1.4,3.6666666666666665,3.5,2.0,1.875
2,Baseline Zero Shot,Text_SubjectiveLit,0.6,0.4,5.333333333333333,0.6666666666666666,3.125,0.5
2,Baseline Zero Shot,Text_Anxiety,1.8,1.2,3.3333333333333335,1.3333333333333333,2.125,0.5
2,Baseline Zero Shot,Text_Numeracy,0.4,0.4,2.6666666666666665,2.1666666666666665,3.5,1.625
2,Baseline Zero Shot,Text_TrustPhys,1.2,0.4,5.0,0.5,2.625,1.125
2,all_4.jsonl,Text_SubjectiveLit,0.8,0.4,4.0,0.6666666666666666,3.625,0.5
2,all_4.jsonl,Text_Anxiety,0.2,1.2,2.0,1.3333333333333333,1.75,0.5
2,all_4.jsonl,Text_Numeracy,0.6,0.4,3.0,2.1666666666666665,1.375,1.625
2,all_4.jsonl,Text_TrustPhys,0.6,0.4,2.5,0.5,2.0,1.125
2,conditioning_on_all.jsonl,Text_SubjectiveLit,1.6,0.4,4.5,0.6666666666666666,2.625,0.5
2,conditioning_on_all.jsonl,Text_Anxiety,0.4,1.2,2.5,1.3333333333333333,3.5,0.5
2,conditioning_on_all.jsonl,Text_Numeracy,0.4,0.4,3.0,2.1666666666666665,4.375,1.625
2,conditioning_on_all.jsonl,Text_TrustPhys,1.0,0.4,3.8333333333333335,0.5,3.25,1.125
2,holdout_Text_Anxiety.jsonl,Text_SubjectiveLit,0.2,0.4,4.166666666666667,0.6666666666666666,2.125,0.5
2,holdout_Text_Anxiety.jsonl,Text_Anxiety,0.2,1.2,3.3333333333333335,1.3333333333333333,0.75,0.5
2,holdout_Text_Anxiety.jsonl,Text_Numeracy,0.8,0.4,2.6666666666666665,2.1666666666666665,2.25,1.625
2,holdout_Text_Anxiety.jsonl,Text_TrustPhys,0.8,0.4,2.8333333333333335,0.5,2.875,1.125
2,holdout_Text_Numeracy.jsonl,Text_SubjectiveLit,0.8,0.4,4.0,0.6666666666666666,3.875,0.5
2,holdout_Text_Numeracy.jsonl,Text_Anxiety,0.6,1.2,4.333333333333333,1.3333333333333333,2.75,0.5
2,holdout_Text_Numeracy.jsonl,Text_Numeracy,0.8,0.4,4.333333333333333,2.1666666666666665,2.625,1.625
2,holdout_Text_Numeracy.jsonl,Text_TrustPhys,0.6,0.4,3.8333333333333335,0.5,1.625,1.125
2,holdout_Text_SubjectiveLit.jsonl,Text_SubjectiveLit,0.4,0.4,5.0,0.6666666666666666,2.75,0.5
2,holdout_Text_SubjectiveLit.jsonl,Text_Anxiety,0.8,1.2,2.3333333333333335,1.3333333333333333,1.875,0.5
2,holdout_Text_SubjectiveLit.jsonl,Text_Numeracy,0.0,0.4,4.333333333333333,2.1666666666666665,4.75,1.625
2,holdout_Text_SubjectiveLit.jsonl,Text_TrustPhys,1.2,0.4,3.1666666666666665,0.5,3.125,1.125
2,holdout_Text_TrustPhys.jsonl,Text_SubjectiveLit,0.6,0.4,3.5,0.6666666666666666,2.5,0.5
2,holdout_Text_TrustPhys.jsonl,Text_Anxiety,0.6,1.2,2.5,1.3333333333333333,1.375,0.5
2,holdout_Text_TrustPhys.jsonl,Text_Numeracy,0.4,0.4,2.1666666666666665,2.1666666666666665,1.75,1.625
2,holdout_Text_TrustPhys.jsonl,Text_TrustPhys,1.0,0.4,3.6666666666666665,0.5,1.875,1.125
2,no_system_prompt.jsonl,Text_SubjectiveLit,0.2,0.4,5.333333333333333,0.6666666666666666,2.75,0.5
2,no_system_prompt.jsonl,Text_Anxiety,0.6,1.2,0.8333333333333334,1.3333333333333333,1.125,0.5
2,no_system_prompt.jsonl,Text_Numeracy,0.2,0.4,1.6666666666666667,2.1666666666666665,2.125,1.625
2,no_system_prompt.jsonl,Text_TrustPhys,0.8,0.4,2.5,0.5,1.75,1.125
3,Baseline Zero Shot,Text_SubjectiveLit,0.4,0.2,3.0,0.8333333333333334,3.0,0.375
3,Baseline Zero Shot,Text_Anxiety,1.2,0.4,3.0,1.8333333333333333,2.0,0.5
3,Baseline Zero Shot,Text_Numeracy,0.4,0.4,2.6666666666666665,0.6666666666666666,1.625,1.25
3,Baseline Zero Shot,Text_TrustPhys,0.6,0.6,4.333333333333333,2.5,3.0,2.0
3,all_4.jsonl,Text_SubjectiveLit,0.4,0.2,4.666666666666667,0.8333333333333334,2.25,0.375
3,all_4.jsonl,Text_Anxiety,1.6,0.4,3.5,1.8333333333333333,2.375,0.5
3,all_4.jsonl,Text_Numeracy,0.2,0.4,2.6666666666666665,0.6666666666666666,0.875,1.25
3,all_4.jsonl,Text_TrustPhys,1.2,0.6,4.833333333333333,2.5,2.875,2.0
3,conditioning_on_all.jsonl,Text_SubjectiveLit,0.6,0.2,5.666666666666667,0.8333333333333334,3.375,0.375
3,conditioning_on_all.jsonl,Text_Anxiety,0.6,0.4,4.666666666666667,1.8333333333333333,3.375,0.5
3,conditioning_on_all.jsonl,Text_Numeracy,0.2,0.4,1.8333333333333333,0.6666666666666666,1.75,1.25
3,conditioning_on_all.jsonl,Text_TrustPhys,1.4,0.6,5.5,2.5,2.5,2.0
3,holdout_Text_Anxiety.jsonl,Text_SubjectiveLit,1.0,0.2,6.666666666666667,0.8333333333333334,3.5,0.375
3,holdout_Text_Anxiety.jsonl,Text_Anxiety,0.8,0.4,3.0,1.8333333333333333,1.0,0.5
3,holdout_Text_Anxiety.jsonl,Text_Numeracy,1.2,0.4,2.6666666666666665,0.6666666666666666,2.375,1.25
3,holdout_Text_Anxiety.jsonl,Text_TrustPhys,0.8,0.6,5.5,2.5,2.75,2.0
3,holdout_Text_Numeracy.jsonl,Text_SubjectiveLit,0.4,0.2,4.333333333333333,0.8333333333333334,1.875,0.375
3,holdout_Text_Numeracy.jsonl,Text_Anxiety,1.0,0.4,2.5,1.8333333333333333,1.375,0.5
3,holdout_Text_Numeracy.jsonl,Text_Numeracy,0.6,0.4,1.3333333333333333,0.6666666666666666,0.625,1.25
3,holdout_Text_Numeracy.jsonl,Text_TrustPhys,1.0,0.6,4.833333333333333,2.5,3.0,2.0
3,holdout_Text_SubjectiveLit.jsonl,Text_SubjectiveLit,1.0,0.2,5.0,0.8333333333333334,1.875,0.375
3,holdout_Text_SubjectiveLit.jsonl,Text_Anxiety,0.2,0.4,2.0,1.8333333333333333,1.0,0.5
3,holdout_Text_SubjectiveLit.jsonl,Text_Numeracy,1.2,0.4,3.3333333333333335,0.6666666666666666,3.625,1.25
3,holdout_Text_SubjectiveLit.jsonl,Text_TrustPhys,1.8,0.6,4.166666666666667,2.5,2.375,2.0
3,holdout_Text_TrustPhys.jsonl,Text_SubjectiveLit,1.0,0.2,5.5,0.8333333333333334,2.875,0.375
3,holdout_Text_TrustPhys.jsonl,Text_Anxiety,1.0,0.4,4.666666666666667,1.8333333333333333,1.375,0.5
3,holdout_Text_TrustPhys.jsonl,Text_Numeracy,1.8,0.4,3.6666666666666665,0.6666666666666666,2.875,1.25
3,holdout_Text_TrustPhys.jsonl,Text_TrustPhys,0.6,0.6,5.333333333333333,2.5,1.75,2.0
3,no_system_prompt.jsonl,Text_SubjectiveLit,0.4,0.2,4.0,0.8333333333333334,2.5,0.375
3,no_system_prompt.jsonl,Text_Anxiety,0.4,0.4,1.6666666666666667,1.8333333333333333,1.0,0.5
3,no_system_prompt.jsonl,Text_Numeracy,0.8,0.4,1.6666666666666667,0.6666666666666666,0.375,1.25
3,no_system_prompt.jsonl,Text_TrustPhys,1.0,0.6,3.3333333333333335,2.5,1.625,2.0
4,Baseline Zero Shot,Text_SubjectiveLit,0.4,0.2,3.8333333333333335,1.0,3.375,0.125
4,Baseline Zero Shot,Text_Anxiety,0.2,0.4,1.3333333333333333,0.8333333333333334,1.625,0.75
4,Baseline Zero Shot,Text_Numeracy,0.6,0.0,2.0,0.3333333333333333,2.375,0.875
4,Baseline Zero Shot,Text_TrustPhys,0.8,0.2,4.833333333333333,2.1666666666666665,3.625,0.625
4,all_4.jsonl,Text_SubjectiveLit,1.2,0.2,4.833333333333333,1.0,3.875,0.125
4,all_4.jsonl,Text_Anxiety,0.8,0.4,1.8333333333333333,0.8333333333333334,1.75,0.75
4,all_4.jsonl,Text_Numeracy,0.4,0.0,3.0,0.3333333333333333,4.25,0.875
4,all_4.jsonl,Text_TrustPhys,1.2,0.2,3.3333333333333335,2.1666666666666665,2.0,0.625
4,conditioning_on_all.jsonl,Text_SubjectiveLit,0.6,0.2,6.833333333333333,1.0,2.5,0.125
4,conditioning_on_all.jsonl,Text_Anxiety,0.8,0.4,3.1666666666666665,0.8333333333333334,0.875,0.75
4,conditioning_on_all.jsonl,Text_Numeracy,0.6,0.0,2.1666666666666665,0.3333333333333333,2.875,0.875
4,conditioning_on_all.jsonl,Text_TrustPhys,1.2,0.2,4.833333333333333,2.1666666666666665,3.125,0.625
4,holdout_Text_Anxiety.jsonl,Text_SubjectiveLit,1.0,0.2,3.8333333333333335,1.0,2.375,0.125
4,holdout_Text_Anxiety.jsonl,Text_Anxiety,0.6,0.4,3.8333333333333335,0.8333333333333334,1.125,0.75
4,holdout_Text_Anxiety.jsonl,Text_Numeracy,0.6,0.0,3.6666666666666665,0.3333333333333333,1.375,0.875
4,holdout_Text_Anxiety.jsonl,Text_TrustPhys,0.2,0.2,4.333333333333333,2.1666666666666665,2.25,0.625
4,holdout_Text_Numeracy.jsonl,Text_SubjectiveLit,0.4,0.2,4.166666666666667,1.0,3.5,0.125
4,holdout_Text_Numeracy.jsonl,Text_Anxiety,0.8,0.4,3.8333333333333335,0.8333333333333334,2.375,0.75
4,holdout_Text_Numeracy.jsonl,Text_Numeracy,0.6,0.0,3.8333333333333335,0.3333333333333333,3.375,0.875
4,holdout_Text_Numeracy.jsonl,Text_TrustPhys,0.8,0.2,3.5,2.1666666666666665,1.5,0.625
4,holdout_Text_SubjectiveLit.jsonl,Text_SubjectiveLit,0.4,0.2,3.8333333333333335,1.0,1.375,0.125
4,holdout_Text_SubjectiveLit.jsonl,Text_Anxiety,0.0,0.4,2.6666666666666665,0.8333333333333334,2.375,0.75
4,holdout_Text_SubjectiveLit.jsonl,Text_Numeracy,1.2,0.0,3.5,0.3333333333333333,0.875,0.875
4,holdout_Text_SubjectiveLit.jsonl,Text_TrustPhys,0.6,0.2,3.1666666666666665,2.1666666666666665,2.0,0.625
4,holdout_Text_TrustPhys.jsonl,Text_SubjectiveLit,0.8,0.2,6.833333333333333,1.0,3.875,0.125
4,holdout_Text_TrustPhys.jsonl,Text_Anxiety,1.8,0.4,2.3333333333333335,0.8333333333333334,1.0,0.75
4,holdout_Text_TrustPhys.jsonl,Text_Numeracy,1.0,0.0,2.5,0.3333333333333333,1.625,0.875
4,holdout_Text_TrustPhys.jsonl,Text_TrustPhys,1.4,0.2,4.5,2.1666666666666665,2.5,0.625
4,no_system_prompt.jsonl,Text_SubjectiveLit,1.2,0.2,4.0,1.0,2.75,0.125
4,no_system_prompt.jsonl,Text_Anxiety,1.0,0.4,2.0,0.8333333333333334,1.125,0.75
4,no_system_prompt.jsonl,Text_Numeracy,0.2,0.0,3.5,0.3333333333333333,4.125,0.875
4,no_system_prompt.jsonl,Text_TrustPhys,0.6,0.2,3.0,2.1666666666666665,2.25,0.625
5,Baseline Zero Shot,Text_SubjectiveLit,0.4,0.2,2.8333333333333335,1.0,3.0,0.75
5,Baseline Zero Shot,Text_Anxiety,1.0,0.4,2.0,1.0,2.5,0.5
5,Baseline Zero Shot,Text_Numeracy,0.8,0.0,2.3333333333333335,1.0,4.5,1.125
5,Baseline Zero Shot,Text_TrustPhys,1.0,0.2,5.0,1.3333333333333333,3.0,1.125
5,all_4.jsonl,Text_SubjectiveLit,1.4,0.2,4.166666666666667,1.0,3.125,0.75
5,all_4.jsonl,Text_Anxiety,0.8,0.4,3.3333333333333335,1.0,1.5,0.5
5,all_4.jsonl,Text_Numeracy,0.4,0.0,2.0,1.0,2.0,1.125
5,all_4.jsonl,Text_TrustPhys,1.0,0.2,6.0,1.3333333333333333,2.5,1.125
5,conditioning_on_all.jsonl,Text_SubjectiveLit,0.8,0.2,5.0,1.0,3.25,0.75
5,conditioning_on_all.jsonl,Text_Anxiety,1.0,0.4,3.5,1.0,2.75,0.5
5,conditioning_on_all.jsonl,Text_Numeracy,0.8,0.0,2.3333333333333335,1.0,1.375,1.125
5,conditioning_on_all.jsonl,Text_TrustPhys,1.2,0.2,3.5,1.3333333333333333,2.125,1.125
5,holdout_Text_Anxiety.jsonl,Text_SubjectiveLit,0.8,0.2,3.3333333333333335,1.0,2.375,0.75
5,holdout_Text_Anxiety.jsonl,Text_Anxiety,0.4,0.4,2.5,1.0,1.0,0.5
5,holdout_Text_Anxiety.jsonl,Text_Numeracy,0.6,0.0,1.6666666666666667,1.0,2.125,1.125
5,holdout_Text_Anxiety.jsonl,Text_TrustPhys,0.6,0.2,4.666666666666667,1.3333333333333333,2.625,1.125
5,holdout_Text_Numeracy.jsonl,Text_SubjectiveLit,0.2,0.2,3.8333333333333335,1.0,1.875,0.75
5,holdout_Text_Numeracy.jsonl,Text_Anxiety,0.2,0.4,3.6666666666666665,1.0,1.375,0.5
5,holdout_Text_Numeracy.jsonl,Text_Numeracy,1.0,0.0,2.0,1.0,1.5,1.125
5,holdout_Text_Numeracy.jsonl,Text_TrustPhys,0.4,0.2,4.833333333333333,1.3333333333333333,1.625,1.125
5,holdout_Text_SubjectiveLit.jsonl,Text_SubjectiveLit,0.6,0.2,3.0,1.0,0.875,0.75
5,holdout_Text_SubjectiveLit.jsonl,Text_Anxiety,1.0,0.4,3.0,1.0,0.5,0.5
5,holdout_Text_SubjectiveLit.jsonl,Text_Numeracy,0.6,0.0,2.3333333333333335,1.0,2.375,1.125
5,holdout_Text_SubjectiveLit.jsonl,Text_TrustPhys,0.4,0.2,2.8333333333333335,1.3333333333333333,1.0,1.125
5,holdout_Text_TrustPhys.jsonl,Text_SubjectiveLit,1.0,0.2,4.166666666666667,1.0,1.875,0.75
5,holdout_Text_TrustPhys.jsonl,Text_Anxiety,0.6,0.4,3.6666666666666665,1.0,0.875,0.5
5,holdout_Text_TrustPhys.jsonl,Text_Numeracy,0.8,0.0,1.6666666666666667,1.0,1.5,1.125
5,holdout_Text_TrustPhys.jsonl,Text_TrustPhys,0.8,0.2,4.166666666666667,1.3333333333333333,2.875,1.125
5,no_system_prompt.jsonl,Text_SubjectiveLit,0.6,0.2,3.6666666666666665,1.0,2.75,0.75
5,no_system_prompt.jsonl,Text_Anxiety,1.2,0.4,2.8333333333333335,1.0,1.375,0.5
5,no_system_prompt.jsonl,Text_Numeracy,1.0,0.0,2.0,1.0,3.25,1.125
5,no_system_prompt.jsonl,Text_TrustPhys,0.2,0.2,3.1666666666666665,1.3333333333333333,0.75,1.125
6,Baseline Zero Shot,Text_SubjectiveLit,0.4,1.0,5.166666666666667,2.5,4.125,0.625
6,Baseline Zero Shot,Text_Anxiety,1.6,0.2,3.6666666666666665,1.5,1.25,0.625
6,Baseline Zero Shot,Text_Numeracy,0.4,0.4,2.6666666666666665,1.1666666666666667,2.25,0.75
6,Baseline Zero Shot,Text_TrustPhys,0.4,0.8,5.333333333333333,2.6666666666666665,3.125,0.75
6,all_4.jsonl,Text_SubjectiveLit,0.8,1.0,4.166666666666667,2.5,1.875,0.625
6,all_4.jsonl,Text_Anxiety,1.2,0.2,2.6666666666666665,1.5,1.5,0.625
6,all_4.jsonl,Text_Numeracy,1.2,0.4,2.3333333333333335,1.1666666666666667,2.0,0.75
6,all_4.jsonl,Text_TrustPhys,0.4,0.8,3.3333333333333335,2.6666666666666665,1.625,0.75
6,conditioning_on_all.jsonl,Text_SubjectiveLit,0.6,1.0,5.5,2.5,2.625,0.625
6,conditioning_on_all.jsonl,Text_Anxiety,0.6,0.2,4.5,1.5,1.75,0.625
6,conditioning_on_all.jsonl,Text_Numeracy,1.0,0.4,2.3333333333333335,1.1666666666666667,1.5,0.75
6,conditioning_on_all.jsonl,Text_TrustPhys,1.2,0.8,3.8333333333333335,2.6666666666666665,1.75,0.75
6,holdout_Text_Anxiety.jsonl,Text_SubjectiveLit,0.6,1.0,4.5,2.5,3.25,0.625
6,holdout_Text_Anxiety.jsonl,Text_Anxiety,1.0,0.2,4.166666666666667,1.5,2.125,0.625
6,holdout_Text_Anxiety.jsonl,Text_Numeracy,0.8,0.4,2.0,1.1666666666666667,1.75,0.75
6,holdout_Text_Anxiety.jsonl,Text_TrustPhys,1.2,0.8,4.5,2.6666666666666665,1.5,0.75
6,holdout_Text_Numeracy.jsonl,Text_SubjectiveLit,0.6,1.0,4.333333333333333,2.5,2.0,0.625
6,holdout_Text_Numeracy.jsonl,Text_Anxiety,0.4,0.2,2.3333333333333335,1.5,1.125,0.625
6,holdout_Text_Numeracy.jsonl,Text_Numeracy,0.4,0.4,2.1666666666666665,1.1666666666666667,1.625,0.75
6,holdout_Text_Numeracy.jsonl,Text_TrustPhys,0.8,0.8,4.166666666666667,2.6666666666666665,2.125,0.75
6,holdout_Text_SubjectiveLit.jsonl,Text_SubjectiveLit,0.8,1.0,4.0,2.5,2.75,0.625
6,holdout_Text_SubjectiveLit.jsonl,Text_Anxiety,1.0,0.2,3.6666666666666665,1.5,1.875,0.625
6,holdout_Text_SubjectiveLit.jsonl,Text_Numeracy,0.4,0.4,2.0,1.1666666666666667,1.125,0.75
6,holdout_Text_SubjectiveLit.jsonl,Text_TrustPhys,0.0,0.8,3.0,2.6666666666666665,1.25,0.75
6,holdout_Text_TrustPhys.jsonl,Text_SubjectiveLit,0.2,1.0,3.1666666666666665,2.5,2.625,0.625
6,holdout_Text_TrustPhys.jsonl,Text_Anxiety,1.0,0.2,3.0,1.5,1.5,0.625
6,holdout_Text_TrustPhys.jsonl,Text_Numeracy,1.2,0.4,2.3333333333333335,1.1666666666666667,1.0,0.75
6,holdout_Text_TrustPhys.jsonl,Text_TrustPhys,1.0,0.8,4.333333333333333,2.6666666666666665,2.0,0.75
6,no_system_prompt.jsonl,Text_SubjectiveLit,1.2,1.0,6.0,2.5,3.5,0.625
6,no_system_prompt.jsonl,Text_Anxiety,0.8,0.2,3.0,1.5,2.0,0.625
6,no_system_prompt.jsonl,Text_Numeracy,1.0,0.4,1.5,1.1666666666666667,1.75,0.75
6,no_system_prompt.jsonl,Text_TrustPhys,0.6,0.8,4.333333333333333,2.6666666666666665,1.875,0.75
7,Baseline Zero Shot,Text_SubjectiveLit,0.0,0.2,3.6666666666666665,1.1666666666666667,4.125,0.125
7,Baseline Zero Shot,Text_Anxiety,0.2,0.4,1.3333333333333333,0.6666666666666666,2.5,1.625
7,Baseline Zero Shot,Text_Numeracy,0.8,0.4,3.0,1.0,4.125,1.0
7,Baseline Zero Shot,Text_TrustPhys,1.2,0.0,3.6666666666666665,1.0,3.0,1.75
7,all_4.jsonl,Text_SubjectiveLit,0.2,0.2,2.5,1.1666666666666667,2.25,0.125
7,all_4.jsonl,Text_Anxiety,0.8,0.4,2.0,0.6666666666666666,1.625,1.625
7,all_4.jsonl,Text_Numeracy,1.6,0.4,2.3333333333333335,1.0,2.0,1.0
7,all_4.jsonl,Text_TrustPhys,0.8,0.0,4.166666666666667,1.0,3.0,1.75
7,conditioning_on_all.jsonl,Text_SubjectiveLit,1.0,0.2,5.166666666666667,1.1666666666666667,3.125,0.125
7,conditioning_on_all.jsonl,Text_Anxiety,1.0,0.4,3.8333333333333335,0.6666666666666666,2.5,1.625
7,conditioning_on_all.jsonl,Text_Numeracy,0.6,0.4,3.3333333333333335,1.0,1.375,1.0
7,conditioning_on_all.jsonl,Text_TrustPhys,0.8,0.0,5.166666666666667,1.0,2.625,1.75
7,holdout_Text_Anxiety.jsonl,Text_SubjectiveLit,0.2,0.2,4.333333333333333,1.1666666666666667,2.125,0.125
7,holdout_Text_Anxiety.jsonl,Text_Anxiety,0.6,0.4,2.1666666666666665,0.6666666666666666,1.0,1.625
7,holdout_Text_Anxiety.jsonl,Text_Numeracy,1.8,0.4,2.6666666666666665,1.0,3.125,1.0
7,holdout_Text_Anxiety.jsonl,Text_TrustPhys,0.2,0.0,3.6666666666666665,1.0,1.75,1.75
7,holdout_Text_Numeracy.jsonl,Text_SubjectiveLit,0.8,0.2,4.666666666666667,1.1666666666666667,3.0,0.125
7,holdout_Text_Numeracy.jsonl,Text_Anxiety,0.4,0.4,4.333333333333333,0.6666666666666666,1.0,1.625
7,holdout_Text_Numeracy.jsonl,Text_Numeracy,0.8,0.4,2.5,1.0,1.25,1.0
7,holdout_Text_Numeracy.jsonl,Text_TrustPhys,1.2,0.0,2.8333333333333335,1.0,2.5,1.75
7,holdout_Text_SubjectiveLit.jsonl,Text_SubjectiveLit,0.2,0.2,4.5,1.1666666666666667,2.875,0.125
7,holdout_Text_SubjectiveLit.jsonl,Text_Anxiety,0.6,0.4,3.3333333333333335,0.6666666666666666,2.125,1.625
7,holdout_Text_SubjectiveLit.jsonl,Text_Numeracy,0.8,0.4,1.8333333333333333,1.0,1.75,1.0
7,holdout_Text_SubjectiveLit.jsonl,Text_TrustPhys,0.6,0.0,3.0,1.0,2.25,1.75
7,holdout_Text_TrustPhys.jsonl,Text_SubjectiveLit,0.4,0.2,4.666666666666667,1.1666666666666667,2.25,0.125
7,holdout_Text_TrustPhys.jsonl,Text_Anxiety,0.0,0.4,3.0,0.6666666666666666,0.875,1.625
7,holdout_Text_TrustPhys.jsonl,Text_Numeracy,1.2,0.4,2.6666666666666665,1.0,1.625,1.0
7,holdout_Text_TrustPhys.jsonl,Text_TrustPhys,1.0,0.0,3.6666666666666665,1.0,1.5,1.75
7,no_system_prompt.jsonl,Text_SubjectiveLit,0.6,0.2,4.666666666666667,1.1666666666666667,2.625,0.125
7,no_system_prompt.jsonl,Text_Anxiety,0.4,0.4,4.333333333333333,0.6666666666666666,1.25,1.625
7,no_system_prompt.jsonl,Text_Numeracy,1.0,0.4,2.1666666666666665,1.0,1.375,1.0
7,no_system_prompt.jsonl,Text_TrustPhys,1.2,0.0,3.8333333333333335,1.0,3.25,1.75
8,Baseline Zero Shot,Text_SubjectiveLit,0.4,0.0,3.3333333333333335,1.5,2.5,0.75
8,Baseline Zero Shot,Text_Anxiety,0.4,0.4,2.6666666666666665,0.5,2.0,0.75
8,Baseline Zero Shot,Text_Numeracy,1.0,0.0,2.3333333333333335,0.5,1.875,0.0
8,Baseline Zero Shot,Text_TrustPhys,0.6,0.2,4.333333333333333,1.8333333333333333,1.875,0.875
8,all_4.jsonl,Text_SubjectiveLit,0.2,0.0,3.3333333333333335,1.5,2.625,0.75
8,all_4.jsonl,Text_Anxiety,0.0,0.4,2.0,0.5,1.0,0.75
8,all_4.jsonl,Text_Numeracy,0.2,0.0,1.3333333333333333,0.5,1.75,0.0
8,all_4.jsonl,Text_TrustPhys,0.4,0.2,3.6666666666666665,1.8333333333333333,1.5,0.875
8,conditioning_on_all.jsonl,Text_SubjectiveLit,0.4,0.0,4.666666666666667,1.5,3.125,0.75
8,conditioning_on_all.jsonl,Text_Anxiety,1.8,0.4,4.0,0.5,1.625,0.75
8,conditioning_on_all.jsonl,Text_Numeracy,1.0,0.0,1.5,0.5,2.0,0.0
8,conditioning_on_all.jsonl,Text_TrustPhys,2.2,0.2,5.333333333333333,1.8333333333333333,1.75,0.875
8,holdout_Text_Anxiety.jsonl,Text_SubjectiveLit,0.0,0.0,4.166666666666667,1.5,1.625,0.75
8,holdout_Text_Anxiety.jsonl,Text_Anxiety,0.4,0.4,1.8333333333333333,0.5,1.625,0.75
8,holdout_Text_Anxiety.jsonl,Text_Numeracy,0.6,0.0,3.5,0.5,2.625,0.0
8,holdout_Text_Anxiety.jsonl,Text_TrustPhys,1.2,0.2,5.0,1.8333333333333333,3.625,0.875
8,holdout_Text_Numeracy.jsonl,Text_SubjectiveLit,1.4,0.0,4.333333333333333,1.5,4.25,0.75
8,holdout_Text_Numeracy.jsonl,Text_Anxiety,0.2,0.4,2.3333333333333335,0.5,2.0,0.75
8,holdout_Text_Numeracy.jsonl,Text_Numeracy,0.4,0.0,0.8333333333333334,0.5,2.125,0.0
8,holdout_Text_Numeracy.jsonl,Text_TrustPhys,1.4,0.2,3.6666666666666665,1.8333333333333333,4.125,0.875
8,holdout_Text_SubjectiveLit.jsonl,Text_SubjectiveLit,0.2,0.0,2.3333333333333335,1.5,0.875,0.75
8,holdout_Text_SubjectiveLit.jsonl,Text_Anxiety,0.6,0.4,2.5,0.5,2.125,0.75
8,holdout_Text_SubjectiveLit.jsonl,Text_Numeracy,0.8,0.0,2.0,0.5,2.625,0.0
8,holdout_Text_SubjectiveLit.jsonl,Text_TrustPhys,1.2,0.2,4.333333333333333,1.8333333333333333,2.5,0.875
8,holdout_Text_TrustPhys.jsonl,Text_SubjectiveLit,0.8,0.0,3.0,1.5,1.625,0.75
8,holdout_Text_TrustPhys.jsonl,Text_Anxiety,0.4,0.4,3.3333333333333335,0.5,2.5,0.75
8,holdout_Text_TrustPhys.jsonl,Text_Numeracy,2.0,0.0,2.3333333333333335,0.5,2.375,0.0
8,holdout_Text_TrustPhys.jsonl,Text_TrustPhys,1.0,0.2,1.6666666666666667,1.8333333333333333,1.5,0.875
8,no_system_prompt.jsonl,Text_SubjectiveLit,0.8,0.0,3.8333333333333335,1.5,3.0,0.75
8,no_system_prompt.jsonl,Text_Anxiety,0.4,0.4,2.6666666666666665,0.5,1.625,0.75
8,no_system_prompt.jsonl,Text_Numeracy,1.0,0.0,4.333333333333333,0.5,2.125,0.0
8,no_system_prompt.jsonl,Text_TrustPhys,0.8,0.2,3.0,1.8333333333333333,1.0,0.875
9,Baseline Zero Shot,Text_SubjectiveLit,0.6,0.0,3.3333333333333335,4.833333333333333,2.875,1.375
9,Baseline Zero Shot,Text_Anxiety,1.0,0.2,3.8333333333333335,4.0,1.75,0.75
9,Baseline Zero Shot,Text_Numeracy,0.4,0.2,3.1666666666666665,2.0,2.625,0.5
9,Baseline Zero Shot,Text_TrustPhys,0.8,1.0,2.3333333333333335,3.5,2.25,1.375
9,all_4.jsonl,Text_SubjectiveLit,0.8,0.0,3.3333333333333335,4.833333333333333,2.0,1.375
9,all_4.jsonl,Text_Anxiety,1.2,0.2,1.8333333333333333,4.0,0.625,0.75
9,all_4.jsonl,Text_Numeracy,0.8,0.2,2.3333333333333335,2.0,1.875,0.5
9,all_4.jsonl,Text_TrustPhys,0.8,1.0,4.5,3.5,0.75,1.375
9,conditioning_on_all.jsonl,Text_SubjectiveLit,0.6,0.0,4.666666666666667,4.833333333333333,3.0,1.375
9,conditioning_on_all.jsonl,Text_Anxiety,0.8,0.2,2.8333333333333335,4.0,1.625,0.75
9,conditioning_on_all.jsonl,Text_Numeracy,1.0,0.2,2.3333333333333335,2.0,2.5,0.5
9,conditioning_on_all.jsonl,Text_TrustPhys,1.4,1.0,4.0,3.5,2.875,1.375
9,holdout_Text_Anxiety.jsonl,Text_SubjectiveLit,0.4,0.0,5.0,4.833333333333333,2.625,1.375
9,holdout_Text_Anxiety.jsonl,Text_Anxiety,1.0,0.2,2.3333333333333335,4.0,1.0,0.75
9,holdout_Text_Anxiety.jsonl,Text_Numeracy,1.4,0.2,2.5,2.0,2.625,0.5
9,holdout_Text_Anxiety.jsonl,Text_TrustPhys,1.2,1.0,5.0,3.5,2.375,1.375
9,holdout_Text_Numeracy.jsonl,Text_SubjectiveLit,1.4,0.0,4.666666666666667,4.833333333333333,2.25,1.375
9,holdout_Text_Numeracy.jsonl,Text_Anxiety,0.2,0.2,2.3333333333333335,4.0,0.75,0.75
9,holdout_Text_Numeracy.jsonl,Text_Numeracy,0.4,0.2,2.1666666666666665,2.0,1.0,0.5
9,holdout_Text_Numeracy.jsonl,Text_TrustPhys,1.4,1.0,5.0,3.5,2.5,1.375
9,holdout_Text_SubjectiveLit.jsonl,Text_SubjectiveLit,1.4,0.0,4.666666666666667,4.833333333333333,1.75,1.375
9,holdout_Text_SubjectiveLit.jsonl,Text_Anxiety,1.2,0.2,4.5,4.0,0.75,0.75
9,holdout_Text_SubjectiveLit.jsonl,Text_Numeracy,0.4,0.2,2.8333333333333335,2.0,2.375,0.5
9,holdout_Text_SubjectiveLit.jsonl,Text_TrustPhys,1.0,1.0,4.833333333333333,3.5,1.875,1.375
9,holdout_Text_TrustPhys.jsonl,Text_SubjectiveLit,1.2,0.0,5.833333333333333,4.833333333333333,3.375,1.375
9,holdout_Text_TrustPhys.jsonl,Text_Anxiety,0.6,0.2,1.6666666666666667,4.0,1.875,0.75
9,holdout_Text_TrustPhys.jsonl,Text_Numeracy,1.0,0.2,2.6666666666666665,2.0,2.25,0.5
9,holdout_Text_TrustPhys.jsonl,Text_TrustPhys,0.6,1.0,4.0,3.5,1.625,1.375
9,no_system_prompt.jsonl,Text_SubjectiveLit,0.2,0.0,4.833333333333333,4.833333333333333,2.875,1.375
9,no_system_prompt.jsonl,Text_Anxiety,1.0,0.2,3.3333333333333335,4.0,1.375,0.75
9,no_system_prompt.jsonl,Text_Numeracy,1.0,0.2,2.8333333333333335,2.0,1.25,0.5
9,no_system_prompt.jsonl,Text_TrustPhys,1.8,1.0,4.166666666666667,3.5,1.5,1.375
10,Baseline Zero Shot,Text_SubjectiveLit,0.0,0.2,3.3333333333333335,2.1666666666666665,3.0,0.125
10,Baseline Zero Shot,Text_Anxiety,1.4,0.4,3.5,1.0,2.875,0.0
10,Baseline Zero Shot,Text_Numeracy,0.4,0.4,1.8333333333333333,0.5,2.75,1.0
10,Baseline Zero Shot,Text_TrustPhys,0.4,0.2,3.6666666666666665,0.8333333333333334,1.75,0.875
10,all_4.jsonl,Text_SubjectiveLit,0.8,0.2,5.166666666666667,2.1666666666666665,2.375,0.125
10,all_4.jsonl,Text_Anxiety,1.6,0.4,2.5,1.0,2.625,0.0
10,all_4.jsonl,Text_Numeracy,0.4,0.4,2.6666666666666665,0.5,3.5,1.0
10,all_4.jsonl,Text_TrustPhys,1.2,0.2,5.5,0.8333333333333334,2.25,0.875
10,conditioning_on_all.jsonl,Text_SubjectiveLit,1.4,0.2,6.333333333333333,2.1666666666666665,3.125,0.125
10,conditioning_on_all.jsonl,Text_Anxiety,1.2,0.4,4.166666666666667,1.0,2.125,0.0
10,conditioning_on_all.jsonl,Text_Numeracy,1.0,0.4,2.5,0.5,2.25,1.0
10,conditioning_on_all.jsonl,Text_TrustPhys,0.8,0.2,3.1666666666666665,0.8333333333333334,2.5,0.875
10,holdout_Text_Anxiety.jsonl,Text_SubjectiveLit,0.4,0.2,4.5,2.1666666666666665,4.125,0.125
10,holdout_Text_Anxiety.jsonl,Text_Anxiety,1.0,0.4,2.1666666666666665,1.0,2.25,0.0
10,holdout_Text_Anxiety.jsonl,Text_Numeracy,1.0,0.4,1.6666666666666667,0.5,2.375,1.0
10,holdout_Text_Anxiety.jsonl,Text_TrustPhys,2.4,0.2,5.166666666666667,0.8333333333333334,3.125,0.875
10,holdout_Text_Numeracy.jsonl,Text_SubjectiveLit,0.8,0.2,5.0,2.1666666666666665,2.5,0.125
10,holdout_Text_Numeracy.jsonl,Text_Anxiety,0.6,0.4,2.1666666666666665,1.0,1.25,0.0
10,holdout_Text_Numeracy.jsonl,Text_Numeracy,0.4,0.4,2.6666666666666665,0.5,2.25,1.0
10,holdout_Text_Numeracy.jsonl,Text_TrustPhys,1.4,0.2,4.5,0.8333333333333334,2.0,0.875
10,holdout_Text_SubjectiveLit.jsonl,Text_SubjectiveLit,0.6,0.2,5.5,2.1666666666666665,3.0,0.125
10,holdout_Text_SubjectiveLit.jsonl,Text_Anxiety,0.6,0.4,3.6666666666666665,1.0,2.0,0.0
10,holdout_Text_SubjectiveLit.jsonl,Text_Numeracy,0.0,0.4,2.3333333333333335,0.5,2.875,1.0
10,holdout_Text_SubjectiveLit.jsonl,Text_TrustPhys,0.8,0.2,4.666666666666667,0.8333333333333334,4.0,0.875
10,holdout_Text_TrustPhys.jsonl,Text_SubjectiveLit,0.6,0.2,2.8333333333333335,2.1666666666666665,1.75,0.125
10,holdout_Text_TrustPhys.jsonl,Text_Anxiety,0.0,0.4,3.0,1.0,1.0,0.0
10,holdout_Text_TrustPhys.jsonl,Text_Numeracy,1.2,0.4,3.3333333333333335,0.5,1.375,1.0
10,holdout_Text_TrustPhys.jsonl,Text_TrustPhys,1.0,0.2,2.1666666666666665,0.8333333333333334,1.0,0.875
10,no_system_prompt.jsonl,Text_SubjectiveLit,0.6,0.2,3.5,2.1666666666666665,2.875,0.125
10,no_system_prompt.jsonl,Text_Anxiety,0.6,0.4,2.1666666666666665,1.0,1.375,0.0
10,no_system_prompt.jsonl,Text_Numeracy,0.2,0.4,3.8333333333333335,0.5,2.0,1.0
10,no_system_prompt.jsonl,Text_TrustPhys,1.0,0.2,2.5,0.8333333333333334,1.125,0.875
11,Baseline Zero Shot,Text_SubjectiveLit,0.4,0.2,3.0,4.333333333333333,2.5,1.125
11,Baseline Zero Shot,Text_Anxiety,1.0,1.4,3.1666666666666665,1.8333333333333333,2.5,0.75
11,Baseline Zero Shot,Text_Numeracy,0.8,1.0,2.8333333333333335,1.1666666666666667,2.625,1.375
11,Baseline Zero Shot,Text_TrustPhys,1.2,0.2,4.333333333333333,1.3333333333333333,1.875,1.0
11,all_4.jsonl,Text_SubjectiveLit,0.8,0.2,5.5,4.333333333333333,1.75,1.125
11,all_4.jsonl,Text_Anxiety,0.4,1.4,3.3333333333333335,1.8333333333333333,0.875,0.75
11,all_4.jsonl,Text_Numeracy,0.4,1.0,2.8333333333333335,1.1666666666666667,1.375,1.375
11,all_4.jsonl,Text_TrustPhys,0.8,0.2,4.0,1.3333333333333333,2.125,1.0
11,conditioning_on_all.jsonl,Text_SubjectiveLit,0.4,0.2,4.833333333333333,4.333333333333333,2.625,1.125
11,conditioning_on_all.jsonl,Text_Anxiety,1.0,1.4,3.5,1.8333333333333333,1.375,0.75
11,conditioning_on_all.jsonl,Text_Numeracy,0.4,1.0,3.6666666666666665,1.1666666666666667,3.375,1.375
11,conditioning_on_all.jsonl,Text_TrustPhys,0.6,0.2,4.5,1.3333333333333333,2.5,1.0
11,holdout_Text_Anxiety.jsonl,Text_SubjectiveLit,0.4,0.2,5.666666666666667,4.333333333333333,3.125,1.125
11,holdout_Text_Anxiety.jsonl,Text_Anxiety,1.0,1.4,2.8333333333333335,1.8333333333333333,0.625,0.75
11,holdout_Text_Anxiety.jsonl,Text_Numeracy,0.6,1.0,3.8333333333333335,1.1666666666666667,2.125,1.375
11,holdout_Text_Anxiety.jsonl,Text_TrustPhys,0.8,0.2,5.166666666666667,1.3333333333333333,1.75,1.0
11,holdout_Text_Numeracy.jsonl,Text_SubjectiveLit,0.6,0.2,6.833333333333333,4.333333333333333,2.75,1.125
11,holdout_Text_Numeracy.jsonl,Text_Anxiety,0.2,1.4,3.5,1.8333333333333333,0.875,0.75
11,holdout_Text_Numeracy.jsonl,Text_Numeracy,1.2,1.0,2.0,1.1666666666666667,1.25,1.375
11,holdout_Text_Numeracy.jsonl,Text_TrustPhys,0.4,0.2,3.5,1.3333333333333333,0.875,1.0
11,holdout_Text_SubjectiveLit.jsonl,Text_SubjectiveLit,0.4,0.2,3.3333333333333335,4.333333333333333,1.625,1.125
11,holdout_Text_SubjectiveLit.jsonl,Text_Anxiety,0.8,1.4,2.6666666666666665,1.8333333333333333,1.375,0.75
11,holdout_Text_SubjectiveLit.jsonl,Text_Numeracy,0.6,1.0,2.5,1.1666666666666667,1.5,1.375
11,holdout_Text_SubjectiveLit.jsonl,Text_TrustPhys,0.8,0.2,5.0,1.3333333333333333,1.75,1.0
11,holdout_Text_TrustPhys.jsonl,Text_SubjectiveLit,0.8,0.2,4.666666666666667,4.333333333333333,2.0,1.125
11,holdout_Text_TrustPhys.jsonl,Text_Anxiety,0.4,1.4,3.0,1.8333333333333333,0.875,0.75
11,holdout_Text_TrustPhys.jsonl,Text_Numeracy,0.6,1.0,2.1666666666666665,1.1666666666666667,1.25,1.375
11,holdout_Text_TrustPhys.jsonl,Text_TrustPhys,1.8,0.2,4.166666666666667,1.3333333333333333,1.625,1.0
11,no_system_prompt.jsonl,Text_SubjectiveLit,0.6,0.2,4.5,4.333333333333333,3.5,1.125
11,no_system_prompt.jsonl,Text_Anxiety,0.6,1.4,3.0,1.8333333333333333,1.25,0.75
11,no_system_prompt.jsonl,Text_Numeracy,0.2,1.0,2.3333333333333335,1.1666666666666667,2.5,1.375
11,no_system_prompt.jsonl,Text_TrustPhys,1.4,0.2,3.5,1.3333333333333333,1.125,1.0
12,Baseline Zero Shot,Text_SubjectiveLit,0.4,0.0,2.6666666666666665,2.5,2.375,1.0
12,Baseline Zero Shot,Text_Anxiety,0.8,0.4,3.3333333333333335,2.1666666666666665,2.5,1.25
12,Baseline Zero Shot,Text_Numeracy,0.0,0.4,2.0,1.0,4.0,1.0
12,Baseline Zero Shot,Text_TrustPhys,0.8,0.8,2.8333333333333335,3.3333333333333335,2.875,0.875
12,all_4.jsonl,Text_SubjectiveLit,1.0,0.0,3.6666666666666665,2.5,3.0,1.0
12,all_4.jsonl,Text_Anxiety,0.2,0.4,2.5,2.1666666666666665,2.25,1.25
12,all_4.jsonl,Text_Numeracy,1.4,0.4,3.6666666666666665,1.0,3.375,1.0
12,all_4.jsonl,Text_TrustPhys,1.2,0.8,4.333333333333333,3.3333333333333335,2.375,0.875
12,conditioning_on_all.jsonl,Text_SubjectiveLit,0.2,0.0,4.0,2.5,2.125,1.0
12,conditioning_on_all.jsonl,Text_Anxiety,0.0,0.4,4.833333333333333,2.1666666666666665,1.625,1.25
12,conditioning_on_all.jsonl,Text_Numeracy,0.4,0.4,3.6666666666666665,1.0,3.375,1.0
12,conditioning_on_all.jsonl,Text_TrustPhys,1.0,0.8,3.3333333333333335,3.3333333333333335,2.875,0.875
12,holdout_Text_Anxiety.jsonl,Text_SubjectiveLit,0.4,0.0,3.8333333333333335,2.5,2.375,1.0
12,holdout_Text_Anxiety.jsonl,Text_Anxiety,0.4,0.4,2.6666666666666665,2.1666666666666665,1.375,1.25
12,holdout_Text_Anxiety.jsonl,Text_Numeracy,0.4,0.4,3.1666666666666665,1.0,4.125,1.0
12,holdout_Text_Anxiety.jsonl,Text_TrustPhys,0.8,0.8,4.666666666666667,3.3333333333333335,2.125,0.875
12,holdout_Text_Numeracy.jsonl,Text_SubjectiveLit,1.2,0.0,4.666666666666667,2.5,3.625,1.0
12,holdout_Text_Numeracy.jsonl,Text_Anxiety,0.8,0.4,3.0,2.1666666666666665,2.0,1.25
12,holdout_Text_Numeracy.jsonl,Text_Numeracy,0.8,0.4,1.8333333333333333,1.0,1.125,1.0
12,holdout_Text_Numeracy.jsonl,Text_TrustPhys,0.6,0.8,5.666666666666667,3.3333333333333335,2.75,0.875
12,holdout_Text_SubjectiveLit.jsonl,Text_SubjectiveLit,1.0,0.0,3.0,2.5,2.5,1.0
12,holdout_Text_SubjectiveLit.jsonl,Text_Anxiety,0.8,0.4,3.0,2.1666666666666665,1.625,1.25
12,holdout_Text_SubjectiveLit.jsonl,Text_Numeracy,1.0,0.4,3.5,1.0,3.875,1.0
12,holdout_Text_SubjectiveLit.jsonl,Text_TrustPhys,1.0,0.8,4.5,3.3333333333333335,2.5,0.875
12,holdout_Text_TrustPhys.jsonl,Text_SubjectiveLit,1.2,0.0,3.6666666666666665,2.5,2.875,1.0
12,holdout_Text_TrustPhys.jsonl,Text_Anxiety,0.4,0.4,3.1666666666666665,2.1666666666666665,2.125,1.25
12,holdout_Text_TrustPhys.jsonl,Text_Numeracy,0.6,0.4,3.6666666666666665,1.0,3.25,1.0
12,holdout_Text_TrustPhys.jsonl,Text_TrustPhys,1.2,0.8,4.0,3.3333333333333335,1.625,0.875
12,no_system_prompt.jsonl,Text_SubjectiveLit,0.4,0.0,3.5,2.5,2.375,1.0
12,no_system_prompt.jsonl,Text_Anxiety,1.0,0.4,3.6666666666666665,2.1666666666666665,1.0,1.25
12,no_system_prompt.jsonl,Text_Numeracy,1.0,0.4,1.8333333333333333,1.0,3.125,1.0
12,no_system_prompt.jsonl,Text_TrustPhys,1.8,0.8,4.5,3.3333333333333335,2.5,0.875
13,Baseline Zero Shot,Text_SubjectiveLit,0.4,0.6,2.5,1.3333333333333333,2.75,1.375
13,Baseline Zero Shot,Text_Anxiety,0.4,1.0,3.5,0.8333333333333334,2.5,0.375
13,Baseline Zero Shot,Text_Numeracy,1.2,0.4,2.6666666666666665,2.8333333333333335,2.625,1.25
13,Baseline Zero Shot,Text_TrustPhys,1.2,0.6,5.5,0.8333333333333334,2.375,1.125
13,all_4.jsonl,Text_SubjectiveLit,1.0,0.6,3.6666666666666665,1.3333333333333333,2.5,1.375
13,all_4.jsonl,Text_Anxiety,1.6,1.0,2.8333333333333335,0.8333333333333334,0.75,0.375
13,all_4.jsonl,Text_Numeracy,0.4,0.4,2.8333333333333335,2.8333333333333335,1.25,1.25
13,all_4.jsonl,Text_TrustPhys,0.6,0.6,3.8333333333333335,0.8333333333333334,2.375,1.125
13,conditioning_on_all.jsonl,Text_SubjectiveLit,1.4,0.6,5.666666666666667,1.3333333333333333,2.875,1.375
13,conditioning_on_all.jsonl,Text_Anxiety,1.0,1.0,4.166666666666667,0.8333333333333334,1.625,0.375
13,conditioning_on_all.jsonl,Text_Numeracy,0.2,0.4,2.1666666666666665,2.8333333333333335,2.25,1.25
13,conditioning_on_all.jsonl,Text_TrustPhys,1.0,0.6,4.166666666666667,0.8333333333333334,3.125,1.125
13,holdout_Text_Anxiety.jsonl,Text_SubjectiveLit,0.6,0.6,4.666666666666667,1.3333333333333333,3.125,1.375
13,holdout_Text_Anxiety.jsonl,Text_Anxiety,0.8,1.0,4.166666666666667,0.8333333333333334,1.25,0.375
13,holdout_Text_Anxiety.jsonl,Text_Numeracy,0.4,0.4,3.5,2.8333333333333335,2.375,1.25
13,holdout_Text_Anxiety.jsonl,Text_TrustPhys,2.4,0.6,4.166666666666667,0.8333333333333334,3.125,1.125
13,holdout_Text_Numeracy.jsonl,Text_SubjectiveLit,0.6,0.6,3.3333333333333335,1.3333333333333333,2.375,1.375
13,holdout_Text_Numeracy.jsonl,Text_Anxiety,1.0,1.0,1.3333333333333333,0.8333333333333334,2.0,0.375
13,holdout_Text_Numeracy.jsonl,Text_Numeracy,0.2,0.4,3.5,2.8333333333333335,1.375,1.25
13,holdout_Text_Numeracy.jsonl,Text_TrustPhys,0.8,0.6,2.5,0.8333333333333334,1.25,1.125
13,holdout_Text_SubjectiveLit.jsonl,Text_SubjectiveLit,0.6,0.6,4.0,1.3333333333333333,4.0,1.375
13,holdout_Text_SubjectiveLit.jsonl,Text_Anxiety,0.6,1.0,2.0,0.8333333333333334,1.75,0.375
13,holdout_Text_SubjectiveLit.jsonl,Text_Numeracy,0.2,0.4,3.6666666666666665,2.8333333333333335,2.375,1.25
13,holdout_Text_SubjectiveLit.jsonl,Text_TrustPhys,0.6,0.6,3.1666666666666665,0.8333333333333334,1.125,1.125
13,holdout_Text_TrustPhys.jsonl,Text_SubjectiveLit,0.6,0.6,2.6666666666666665,1.3333333333333333,2.125,1.375
13,holdout_Text_TrustPhys.jsonl,Text_Anxiety,1.0,1.0,3.3333333333333335,0.8333333333333334,1.75,0.375
13,holdout_Text_TrustPhys.jsonl,Text_Numeracy,0.4,0.4,2.6666666666666665,2.8333333333333335,2.875,1.25
13,holdout_Text_TrustPhys.jsonl,Text_TrustPhys,0.6,0.6,2.0,0.8333333333333334,1.75,1.125
13,no_system_prompt.jsonl,Text_SubjectiveLit,0.8,0.6,4.0,1.3333333333333333,2.0,1.375
13,no_system_prompt.jsonl,Text_Anxiety,0.0,1.0,2.0,0.8333333333333334,1.875,0.375
13,no_system_prompt.jsonl,Text_Numeracy,0.6,0.4,2.5,2.8333333333333335,2.875,1.25
13,no_system_prompt.jsonl,Text_TrustPhys,1.2,0.6,4.666666666666667,0.8333333333333334,2.25,1.125
14,Baseline Zero Shot,Text_SubjectiveLit,0.8,1.0,3.1666666666666665,5.166666666666667,1.875,3.5
14,Baseline Zero Shot,Text_Anxiety,0.8,0.4,1.8333333333333333,1.3333333333333333,1.875,0.875
14,Baseline Zero Shot,Text_Numeracy,1.2,0.8,2.3333333333333335,2.0,3.0,1.75
14,Baseline Zero Shot,Text_TrustPhys,1.0,0.2,3.6666666666666665,2.8333333333333335,1.875,2.0
14,all_4.jsonl,Text_SubjectiveLit,0.6,1.0,5.0,5.166666666666667,3.5,3.5
14,all_4.jsonl,Text_Anxiety,1.2,0.4,3.0,1.3333333333333333,1.625,0.875
14,all_4.jsonl,Text_Numeracy,0.4,0.8,3.1666666666666665,2.0,1.5,1.75
14,all_4.jsonl,Text_TrustPhys,0.8,0.2,2.5,2.8333333333333335,1.75,2.0
14,conditioning_on_all.jsonl,Text_SubjectiveLit,0.2,1.0,5.166666666666667,5.166666666666667,3.5,3.5
14,conditioning_on_all.jsonl,Text_Anxiety,0.6,0.4,4.166666666666667,1.3333333333333333,2.875,0.875
14,conditioning_on_all.jsonl,Text_Numeracy,1.0,0.8,3.0,2.0,2.25,1.75
14,conditioning_on_all.jsonl,Text_TrustPhys,0.4,0.2,3.5,2.8333333333333335,2.125,2.0
14,holdout_Text_Anxiety.jsonl,Text_SubjectiveLit,1.0,1.0,4.5,5.166666666666667,3.125,3.5
14,holdout_Text_Anxiety.jsonl,Text_Anxiety,0.2,0.4,3.5,1.3333333333333333,3.5,0.875
14,holdout_Text_Anxiety.jsonl,Text_Numeracy,0.8,0.8,2.8333333333333335,2.0,2.875,1.75
14,holdout_Text_Anxiety.jsonl,Text_TrustPhys,1.2,0.2,4.0,2.8333333333333335,1.625,2.0
14,holdout_Text_Numeracy.jsonl,Text_SubjectiveLit,1.2,1.0,4.166666666666667,5.166666666666667,1.125,3.5
14,holdout_Text_Numeracy.jsonl,Text_Anxiety,1.6,0.4,4.333333333333333,1.3333333333333333,1.5,0.875
14,holdout_Text_Numeracy.jsonl,Text_Numeracy,0.8,0.8,3.8333333333333335,2.0,2.0,1.75
14,holdout_Text_Numeracy.jsonl,Text_TrustPhys,0.6,0.2,3.5,2.8333333333333335,2.75,2.0
14,holdout_Text_SubjectiveLit.jsonl,Text_SubjectiveLit,0.6,1.0,5.166666666666667,5.166666666666667,2.875,3.5
14,holdout_Text_SubjectiveLit.jsonl,Text_Anxiety,0.6,0.4,3.0,1.3333333333333333,1.25,0.875
14,holdout_Text_SubjectiveLit.jsonl,Text_Numeracy,1.0,0.8,2.0,2.0,1.625,1.75
14,holdout_Text_SubjectiveLit.jsonl,Text_TrustPhys,0.6,0.2,3.5,2.8333333333333335,2.875,2.0
14,holdout_Text_TrustPhys.jsonl,Text_SubjectiveLit,0.6,1.0,6.333333333333333,5.166666666666667,3.0,3.5
14,holdout_Text_TrustPhys.jsonl,Text_Anxiety,0.8,0.4,3.1666666666666665,1.3333333333333333,3.25,0.875
14,holdout_Text_TrustPhys.jsonl,Text_Numeracy,1.8,0.8,2.3333333333333335,2.0,2.875,1.75
14,holdout_Text_TrustPhys.jsonl,Text_TrustPhys,0.4,0.2,4.333333333333333,2.8333333333333335,2.625,2.0
14,no_system_prompt.jsonl,Text_SubjectiveLit,0.8,1.0,5.333333333333333,5.166666666666667,3.625,3.5
14,no_system_prompt.jsonl,Text_Anxiety,1.2,0.4,3.5,1.3333333333333333,1.75,0.875
14,no_system_prompt.jsonl,Text_Numeracy,0.0,0.8,3.3333333333333335,2.0,1.625,1.75
14,no_system_prompt.jsonl,Text_TrustPhys,0.6,0.2,3.1666666666666665,2.8333333333333335,3.0,2.0
15,Baseline Zero Shot,Text_SubjectiveLit,0.2,0.4,3.1666666666666665,1.1666666666666667,5.25,0.5
15,Baseline Zero Shot,Text_Anxiety,1.4,0.4,4.166666666666667,0.5,3.125,0.125
15,Baseline Zero Shot,Text_Numeracy,0.8,0.4,2.6666666666666665,0.8333333333333334,2.75,0.125
15,Baseline Zero Shot,Text_TrustPhys,0.6,0.4,3.5,0.6666666666666666,2.125,0.75
15,all_4.jsonl,Text_SubjectiveLit,0.6,0.4,3.6666666666666665,1.1666666666666667,1.0,0.5
15,all_4.jsonl,Text_Anxiety,0.4,0.4,2.3333333333333335,0.5,1.0,0.125
15,all_4.jsonl,Text_Numeracy,0.6,0.4,2.0,0.8333333333333334,1.75,0.125
15,all_4.jsonl,Text_TrustPhys,1.0,0.4,3.3333333333333335,0.6666666666666666,1.875,0.75
15,conditioning_on_all.jsonl,Text_SubjectiveLit,0.8,0.4,6.166666666666667,1.1666666666666667,2.875,0.5
15,conditioning_on_all.jsonl,Text_Anxiety,0.6,0.4,3.6666666666666665,0.5,2.75,0.125
15,conditioning_on_all.jsonl,Text_Numeracy,0.2,0.4,2.6666666666666665,0.8333333333333334,1.125,0.125
15,conditioning_on_all.jsonl,Text_TrustPhys,1.2,0.4,3.5,0.6666666666666666,2.0,0.75
15,holdout_Text_Anxiety.jsonl,Text_SubjectiveLit,0.4,0.4,3.1666666666666665,1.1666666666666667,2.625,0.5
15,holdout_Text_Anxiety.jsonl,Text_Anxiety,0.2,0.4,2.6666666666666665,0.5,1.0,0.125
15,holdout_Text_Anxiety.jsonl,Text_Numeracy,0.8,0.4,1.5,0.8333333333333334,2.75,0.125
15,holdout_Text_Anxiety.jsonl,Text_TrustPhys,1.0,0.4,4.0,0.6666666666666666,2.125,0.75
15,holdout_Text_Numeracy.jsonl,Text_SubjectiveLit,0.4,0.4,3.6666666666666665,1.1666666666666667,2.625,0.5
15,holdout_Text_Numeracy.jsonl,Text_Anxiety,0.8,0.4,2.8333333333333335,0.5,0.75,0.125
15,holdout_Text_Numeracy.jsonl,Text_Numeracy,0.4,0.4,1.6666666666666667,0.8333333333333334,2.25,0.125
15,holdout_Text_Numeracy.jsonl,Text_TrustPhys,0.6,0.4,3.0,0.6666666666666666,1.875,0.75
15,holdout_Text_SubjectiveLit.jsonl,Text_SubjectiveLit,0.8,0.4,4.666666666666667,1.1666666666666667,3.125,0.5
15,holdout_Text_SubjectiveLit.jsonl,Text_Anxiety,0.4,0.4,3.6666666666666665,0.5,1.125,0.125
15,holdout_Text_SubjectiveLit.jsonl,Text_Numeracy,1.2,0.4,4.166666666666667,0.8333333333333334,2.375,0.125
15,holdout_Text_SubjectiveLit.jsonl,Text_TrustPhys,1.0,0.4,4.5,0.6666666666666666,2.25,0.75
15,holdout_Text_TrustPhys.jsonl,Text_SubjectiveLit,1.0,0.4,5.0,1.1666666666666667,2.125,0.5
15,holdout_Text_TrustPhys.jsonl,Text_Anxiety,0.4,0.4,1.6666666666666667,0.5,2.375,0.125
15,holdout_Text_TrustPhys.jsonl,Text_Numeracy,0.2,0.4,3.6666666666666665,0.8333333333333334,3.125,0.125
15,holdout_Text_TrustPhys.jsonl,Text_TrustPhys,0.8,0.4,4.166666666666667,0.6666666666666666,2.625,0.75
15,no_system_prompt.jsonl,Text_SubjectiveLit,1.4,0.4,3.6666666666666665,1.1666666666666667,1.25,0.5
15,no_system_prompt.jsonl,Text_Anxiety,0.0,0.4,1.8333333333333333,0.5,1.25,0.125
15,no_system_prompt.jsonl,Text_Numeracy,0.2,0.4,1.6666666666666667,0.8333333333333334,0.625,0.125
15,no_system_prompt.jsonl,Text_TrustPhys,1.0,0.4,2.8333333333333335,0.6666666666666666,1.375,0.75
16,Baseline Zero Shot,Text_SubjectiveLit,0.4,0.2,3.1666666666666665,3.6666666666666665,3.5,1.75
16,Baseline Zero Shot,Text_Anxiety,0.6,0.2,3.6666666666666665,0.6666666666666666,2.0,0.5
16,Baseline Zero Shot,Text_Numeracy,1.2,1.0,2.6666666666666665,1.6666666666666667,2.75,1.125
16,Baseline Zero Shot,Text_TrustPhys,1.0,0.6,4.833333333333333,1.0,3.875,1.125
16,all_4.jsonl,Text_SubjectiveLit,1.0,0.2,4.0,3.6666666666666665,2.875,1.75
16,all_4.jsonl,Text_Anxiety,0.4,0.2,3.8333333333333335,0.6666666666666666,2.75,0.5
16,all_4.jsonl,Text_Numeracy,0.6,1.0,2.8333333333333335,1.6666666666666667,2.875,1.125
16,all_4.jsonl,Text_TrustPhys,1.2,0.6,2.6666666666666665,1.0,2.5,1.125
16,conditioning_on_all.jsonl,Text_SubjectiveLit,0.0,0.2,3.6666666666666665,3.6666666666666665,4.375,1.75
16,conditioning_on_all.jsonl,Text_Anxiety,0.4,0.2,3.1666666666666665,0.6666666666666666,1.375,0.5
16,conditioning_on_all.jsonl,Text_Numeracy,0.4,1.0,2.0,1.6666666666666667,1.625,1.125
16,conditioning_on_all.jsonl,Text_TrustPhys,1.2,0.6,3.1666666666666665,1.0,3.125,1.125
16,holdout_Text_Anxiety.jsonl,Text_SubjectiveLit,0.8,0.2,5.166666666666667,3.6666666666666665,4.5,1.75
16,holdout_Text_Anxiety.jsonl,Text_Anxiety,0.8,0.2,2.6666666666666665,0.6666666666666666,0.75,0.5
16,holdout_Text_Anxiety.jsonl,Text_Numeracy,0.2,1.0,2.3333333333333335,1.6666666666666667,2.25,1.125
16,holdout_Text_Anxiety.jsonl,Text_TrustPhys,0.6,0.6,3.0,1.0,2.25,1.125
16,holdout_Text_Numeracy.jsonl,Text_SubjectiveLit,0.2,0.2,3.8333333333333335,3.6666666666666665,3.75,1.75
16,holdout_Text_Numeracy.jsonl,Text_Anxiety,1.2,0.2,1.6666666666666667,0.6666666666666666,1.0,0.5
16,holdout_Text_Numeracy.jsonl,Text_Numeracy,0.6,1.0,2.8333333333333335,1.6666666666666667,3.25,1.125
16,holdout_Text_Numeracy.jsonl,Text_TrustPhys,1.0,0.6,2.0,1.0,2.25,1.125
16,holdout_Text_SubjectiveLit.jsonl,Text_SubjectiveLit,0.6,0.2,3.8333333333333335,3.6666666666666665,3.125,1.75
16,holdout_Text_SubjectiveLit.jsonl,Text_Anxiety,0.8,0.2,2.8333333333333335,0.6666666666666666,1.125,0.5
16,holdout_Text_SubjectiveLit.jsonl,Text_Numeracy,0.6,1.0,2.5,1.6666666666666667,2.0,1.125
16,holdout_Text_SubjectiveLit.jsonl,Text_TrustPhys,0.8,0.6,2.6666666666666665,1.0,1.875,1.125
16,holdout_Text_TrustPhys.jsonl,Text_SubjectiveLit,0.4,0.2,4.0,3.6666666666666665,2.5,1.75
16,holdout_Text_TrustPhys.jsonl,Text_Anxiety,0.2,0.2,3.3333333333333335,0.6666666666666666,0.625,0.5
16,holdout_Text_TrustPhys.jsonl,Text_Numeracy,2.0,1.0,4.0,1.6666666666666667,3.25,1.125
16,holdout_Text_TrustPhys.jsonl,Text_TrustPhys,0.6,0.6,2.8333333333333335,1.0,2.5,1.125
16,no_system_prompt.jsonl,Text_SubjectiveLit,1.8,0.2,4.666666666666667,3.6666666666666665,5.0,1.75
16,no_system_prompt.jsonl,Text_Anxiety,0.6,0.2,1.1666666666666667,0.6666666666666666,1.625,0.5
16,no_system_prompt.jsonl,Text_Numeracy,1.0,1.0,5.333333333333333,1.6666666666666667,2.875,1.125
16,no_system_prompt.jsonl,Text_TrustPhys,1.0,0.6,2.3333333333333335,1.0,2.0,1.125
17,Baseline Zero Shot,Text_SubjectiveLit,0.0,0.0,1.0,2.1666666666666665,0.625,1.0
17,Baseline Zero Shot,Text_Anxiety,1.0,0.4,2.1666666666666665,0.6666666666666666,1.875,0.5
17,Baseline Zero Shot,Text_Numeracy,0.0,0.4,3.0,2.8333333333333335,3.25,0.5
17,Baseline Zero Shot,Text_TrustPhys,1.4,0.6,3.6666666666666665,1.0,1.75,0.625
17,all_4.jsonl,Text_SubjectiveLit,1.0,0.0,4.666666666666667,2.1666666666666665,3.375,1.0
17,all_4.jsonl,Text_Anxiety,0.6,0.4,2.8333333333333335,0.6666666666666666,1.375,0.5
17,all_4.jsonl,Text_Numeracy,0.8,0.4,2.5,2.8333333333333335,3.0,0.5
17,all_4.jsonl,Text_TrustPhys,0.6,0.6,2.3333333333333335,1.0,1.5,0.625
17,conditioning_on_all.jsonl,Text_SubjectiveLit,1.2,0.0,5.5,2.1666666666666665,2.875,1.0
17,conditioning_on_all.jsonl,Text_Anxiety,0.4,0.4,5.5,0.6666666666666666,4.0,0.5
17,conditioning_on_all.jsonl,Text_Numeracy,0.4,0.4,3.8333333333333335,2.8333333333333335,2.375,0.5
17,conditioning_on_all.jsonl,Text_TrustPhys,0.4,0.6,5.333333333333333,1.0,1.875,0.625
17,holdout_Text_Anxiety.jsonl,Text_SubjectiveLit,0.6,0.0,4.0,2.1666666666666665,2.5,1.0
17,holdout_Text_Anxiety.jsonl,Text_Anxiety,1.0,0.4,3.1666666666666665,0.6666666666666666,1.125,0.5
17,holdout_Text_Anxiety.jsonl,Text_Numeracy,1.2,0.4,2.8333333333333335,2.8333333333333335,1.875,0.5
17,holdout_Text_Anxiety.jsonl,Text_TrustPhys,1.0,0.6,3.6666666666666665,1.0,2.5,0.625
17,holdout_Text_Numeracy.jsonl,Text_SubjectiveLit,0.6,0.0,6.5,2.1666666666666665,1.75,1.0
17,holdout_Text_Numeracy.jsonl,Text_Anxiety,0.2,0.4,3.5,0.6666666666666666,1.75,0.5
17,holdout_Text_Numeracy.jsonl,Text_Numeracy,0.2,0.4,1.6666666666666667,2.8333333333333335,2.125,0.5
17,holdout_Text_Numeracy.jsonl,Text_TrustPhys,1.6,0.6,3.0,1.0,1.875,0.625
17,holdout_Text_SubjectiveLit.jsonl,Text_SubjectiveLit,1.0,0.0,5.166666666666667,2.1666666666666665,2.5,1.0
17,holdout_Text_SubjectiveLit.jsonl,Text_Anxiety,1.4,0.4,3.3333333333333335,0.6666666666666666,1.75,0.5
17,holdout_Text_SubjectiveLit.jsonl,Text_Numeracy,0.0,0.4,2.0,2.8333333333333335,3.375,0.5
17,holdout_Text_SubjectiveLit.jsonl,Text_TrustPhys,1.0,0.6,4.166666666666667,1.0,1.625,0.625
17,holdout_Text_TrustPhys.jsonl,Text_SubjectiveLit,0.4,0.0,5.0,2.1666666666666665,3.0,1.0
17,holdout_Text_TrustPhys.jsonl,Text_Anxiety,0.2,0.4,4.5,0.6666666666666666,1.875,0.5
17,holdout_Text_TrustPhys.jsonl,Text_Numeracy,0.4,0.4,2.5,2.8333333333333335,2.5,0.5
17,holdout_Text_TrustPhys.jsonl,Text_TrustPhys,0.4,0.6,3.1666666666666665,1.0,2.0,0.625
17,no_system_prompt.jsonl,Text_SubjectiveLit,0.4,0.0,5.5,2.1666666666666665,3.625,1.0
17,no_system_prompt.jsonl,Text_Anxiety,0.6,0.4,2.3333333333333335,0.6666666666666666,0.875,0.5
17,no_system_prompt.jsonl,Text_Numeracy,0.8,0.4,3.6666666666666665,2.8333333333333335,2.75,0.5
17,no_system_prompt.jsonl,Text_TrustPhys,1.4,0.6,3.5,1.0,1.75,0.625
18,Baseline Zero Shot,Text_SubjectiveLit,0.2,0.6,2.6666666666666665,4.5,3.625,2.0
18,Baseline Zero Shot,Text_Anxiety,0.8,1.0,1.8333333333333333,2.5,1.25,1.0
18,Baseline Zero Shot,Text_Numeracy,0.4,0.8,3.0,1.1666666666666667,2.0,2.125
18,Baseline Zero Shot,Text_TrustPhys,1.2,1.0,3.6666666666666665,1.6666666666666667,3.0,0.875
18,all_4.jsonl,Text_SubjectiveLit,0.4,0.6,5.5,4.5,3.875,2.0
18,all_4.jsonl,Text_Anxiety,0.6,1.0,3.8333333333333335,2.5,1.125,1.0
18,all_4.jsonl,Text_Numeracy,0.0,0.8,2.8333333333333335,1.1666666666666667,3.75,2.125
18,all_4.jsonl,Text_TrustPhys,1.4,1.0,3.5,1.6666666666666667,1.5,0.875
18,conditioning_on_all.jsonl,Text_SubjectiveLit,1.2,0.6,2.6666666666666665,4.5,3.0,2.0
18,conditioning_on_all.jsonl,Text_Anxiety,0.6,1.0,3.8333333333333335,2.5,1.875,1.0
18,conditioning_on_all.jsonl,Text_Numeracy,0.4,0.8,2.8333333333333335,1.1666666666666667,1.75,2.125
18,conditioning_on_all.jsonl,Text_TrustPhys,1.0,1.0,4.333333333333333,1.6666666666666667,3.625,0.875
18,holdout_Text_Anxiety.jsonl,Text_SubjectiveLit,0.4,0.6,3.1666666666666665,4.5,3.125,2.0
18,holdout_Text_Anxiety.jsonl,Text_Anxiety,1.2,1.0,2.6666666666666665,2.5,1.125,1.0
18,holdout_Text_Anxiety.jsonl,Text_Numeracy,1.2,0.8,3.8333333333333335,1.1666666666666667,3.75,2.125
18,holdout_Text_Anxiety.jsonl,Text_TrustPhys,0.8,1.0,3.0,1.6666666666666667,1.875,0.875
18,holdout_Text_Numeracy.jsonl,Text_SubjectiveLit,0.6,0.6,3.5,4.5,2.875,2.0
18,holdout_Text_Numeracy.jsonl,Text_Anxiety,1.0,1.0,2.8333333333333335,2.5,1.625,1.0
18,holdout_Text_Numeracy.jsonl,Text_Numeracy,0.8,0.8,2.6666666666666665,1.1666666666666667,2.0,2.125
18,holdout_Text_Numeracy.jsonl,Text_TrustPhys,1.0,1.0,4.166666666666667,1.6666666666666667,2.5,0.875
18,holdout_Text_SubjectiveLit.jsonl,Text_SubjectiveLit,0.2,0.6,4.5,4.5,2.875,2.0
18,holdout_Text_SubjectiveLit.jsonl,Text_Anxiety,0.2,1.0,3.1666666666666665,2.5,1.375,1.0
18,holdout_Text_SubjectiveLit.jsonl,Text_Numeracy,0.8,0.8,2.0,1.1666666666666667,2.875,2.125
18,holdout_Text_SubjectiveLit.jsonl,Text_TrustPhys,1.0,1.0,4.833333333333333,1.6666666666666667,2.5,0.875
18,holdout_Text_TrustPhys.jsonl,Text_SubjectiveLit,0.2,0.6,5.0,4.5,3.125,2.0
18,holdout_Text_TrustPhys.jsonl,Text_Anxiety,0.2,1.0,2.8333333333333335,2.5,1.125,1.0
18,holdout_Text_TrustPhys.jsonl,Text_Numeracy,0.8,0.8,3.0,1.1666666666666667,3.75,2.125
18,holdout_Text_TrustPhys.jsonl,Text_TrustPhys,1.4,1.0,5.0,1.6666666666666667,2.375,0.875
18,no_system_prompt.jsonl,Text_SubjectiveLit,0.0,0.6,5.5,4.5,3.375,2.0
18,no_system_prompt.jsonl,Text_Anxiety,1.0,1.0,2.6666666666666665,2.5,1.875,1.0
18,no_system_prompt.jsonl,Text_Numeracy,1.0,0.8,2.3333333333333335,1.1666666666666667,3.625,2.125
18,no_system_prompt.jsonl,Text_TrustPhys,1.0,1.0,4.166666666666667,1.6666666666666667,3.0,0.875
19,Baseline Zero Shot,Text_SubjectiveLit,0.4,0.6,3.8333333333333335,4.666666666666667,3.375,1.75
19,Baseline Zero Shot,Text_Anxiety,0.8,0.8,3.0,3.0,2.25,0.75
19,Baseline Zero Shot,Text_Numeracy,0.2,0.4,3.6666666666666665,2.0,3.75,0.375
19,Baseline Zero Shot,Text_TrustPhys,0.6,1.4,5.333333333333333,3.0,3.875,1.375
19,all_4.jsonl,Text_SubjectiveLit,0.8,0.6,4.666666666666667,4.666666666666667,2.375,1.75
19,all_4.jsonl,Text_Anxiety,1.0,0.8,2.5,3.0,1.625,0.75
19,all_4.jsonl,Text_Numeracy,1.2,0.4,3.1666666666666665,2.0,3.0,0.375
19,all_4.jsonl,Text_TrustPhys,0.2,1.4,1.8333333333333333,3.0,1.375,1.375
19,conditioning_on_all.jsonl,Text_SubjectiveLit,1.6,0.6,3.6666666666666665,4.666666666666667,2.625,1.75
19,conditioning_on_all.jsonl,Text_Anxiety,1.6,0.8,3.8333333333333335,3.0,2.375,0.75
19,conditioning_on_all.jsonl,Text_Numeracy,0.6,0.4,3.3333333333333335,2.0,1.375,0.375
19,conditioning_on_all.jsonl,Text_TrustPhys,0.8,1.4,4.333333333333333,3.0,3.125,1.375
19,holdout_Text_Anxiety.jsonl,Text_SubjectiveLit,0.4,0.6,4.0,4.666666666666667,3.125,1.75
19,holdout_Text_Anxiety.jsonl,Text_Anxiety,0.4,0.8,3.3333333333333335,3.0,1.5,0.75
19,holdout_Text_Anxiety.jsonl,Text_Numeracy,0.8,0.4,3.1666666666666665,2.0,2.375,0.375
19,holdout_Text_Anxiety.jsonl,Text_TrustPhys,1.8,1.4,5.0,3.0,1.5,1.375
19,holdout_Text_Numeracy.jsonl,Text_SubjectiveLit,0.4,0.6,4.833333333333333,4.666666666666667,2.0,1.75
19,holdout_Text_Numeracy.jsonl,Text_Anxiety,1.0,0.8,4.666666666666667,3.0,2.125,0.75
19,holdout_Text_Numeracy.jsonl,Text_Numeracy,1.0,0.4,2.8333333333333335,2.0,3.5,0.375
19,holdout_Text_Numeracy.jsonl,Text_TrustPhys,0.6,1.4,3.8333333333333335,3.0,1.875,1.375
19,holdout_Text_SubjectiveLit.jsonl,Text_SubjectiveLit,0.2,0.6,4.5,4.666666666666667,2.75,1.75
19,holdout_Text_SubjectiveLit.jsonl,Text_Anxiety,0.8,0.8,3.0,3.0,1.0,0.75
19,holdout_Text_SubjectiveLit.jsonl,Text_Numeracy,0.4,0.4,3.8333333333333335,2.0,2.0,0.375
19,holdout_Text_SubjectiveLit.jsonl,Text_TrustPhys,0.8,1.4,2.5,3.0,1.375,1.375
19,holdout_Text_TrustPhys.jsonl,Text_SubjectiveLit,0.6,0.6,4.0,4.666666666666667,2.625,1.75
19,holdout_Text_TrustPhys.jsonl,Text_Anxiety,1.0,0.8,3.6666666666666665,3.0,2.5,0.75
19,holdout_Text_TrustPhys.jsonl,Text_Numeracy,0.2,0.4,2.1666666666666665,2.0,2.125,0.375
19,holdout_Text_TrustPhys.jsonl,Text_TrustPhys,1.0,1.4,4.666666666666667,3.0,4.0,1.375
19,no_system_prompt.jsonl,Text_SubjectiveLit,0.6,0.6,5.166666666666667,4.666666666666667,3.625,1.75
19,no_system_prompt.jsonl,Text_Anxiety,0.6,0.8,2.3333333333333335,3.0,1.375,0.75
19,no_system_prompt.jsonl,Text_Numeracy,0.4,0.4,3.3333333333333335,2.0,3.125,0.375
19,no_system_prompt.jsonl,Text_TrustPhys,0.6,1.4,4.5,3.0,2.0,1.375
20,Baseline Zero Shot,Text_SubjectiveLit,0.2,0.4,2.3333333333333335,1.5,2.5,1.125
20,Baseline Zero Shot,Text_Anxiety,0.6,0.0,3.6666666666666665,1.1666666666666667,2.125,0.75
20,Baseline Zero Shot,Text_Numeracy,0.4,0.0,3.0,0.6666666666666666,2.375,0.75
20,Baseline Zero Shot,Text_TrustPhys,0.6,0.4,3.5,1.6666666666666667,2.0,1.0
20,all_4.jsonl,Text_SubjectiveLit,0.2,0.4,4.666666666666667,1.5,2.0,1.125
20,all_4.jsonl,Text_Anxiety,0.6,0.0,2.8333333333333335,1.1666666666666667,2.25,0.75
20,all_4.jsonl,Text_Numeracy,0.6,0.0,4.5,0.6666666666666666,2.25,0.75
20,all_4.jsonl,Text_TrustPhys,1.0,0.4,2.1666666666666665,1.6666666666666667,1.625,1.0
20,conditioning_on_all.jsonl,Text_SubjectiveLit,0.6,0.4,6.333333333333333,1.5,3.5,1.125
20,conditioning_on_all.jsonl,Text_Anxiety,0.6,0.0,3.6666666666666665,1.1666666666666667,1.625,0.75
20,conditioning_on_all.jsonl,Text_Numeracy,1.0,0.0,3.0,0.6666666666666666,3.75,0.75
20,conditioning_on_all.jsonl,Text_TrustPhys,1.2,0.4,3.6666666666666665,1.6666666666666667,2.875,1.0
20,holdout_Text_Anxiety.jsonl,Text_SubjectiveLit,0.2,0.4,3.8333333333333335,1.5,2.5,1.125
20,holdout_Text_Anxiety.jsonl,Text_Anxiety,0.4,0.0,2.6666666666666665,1.1666666666666667,0.75,0.75
20,holdout_Text_Anxiety.jsonl,Text_Numeracy,0.8,0.0,4.5,0.6666666666666666,1.5,0.75
20,holdout_Text_Anxiety.jsonl,Text_TrustPhys,1.2,0.4,4.666666666666667,1.6666666666666667,2.625,1.0
20,holdout_Text_Numeracy.jsonl,Text_SubjectiveLit,1.2,0.4,3.6666666666666665,1.5,2.375,1.125
20,holdout_Text_Numeracy.jsonl,Text_Anxiety,0.4,0.0,1.8333333333333333,1.1666666666666667,0.875,0.75
20,holdout_Text_Numeracy.jsonl,Text_Numeracy,1.2,0.0,2.3333333333333335,0.6666666666666666,1.75,0.75
20,holdout_Text_Numeracy.jsonl,Text_TrustPhys,0.6,0.4,2.6666666666666665,1.6666666666666667,2.0,1.0
20,holdout_Text_SubjectiveLit.jsonl,Text_SubjectiveLit,0.6,0.4,3.6666666666666665,1.5,3.625,1.125
20,holdout_Text_SubjectiveLit.jsonl,Text_Anxiety,0.4,0.0,1.3333333333333333,1.1666666666666667,1.25,0.75
20,holdout_Text_SubjectiveLit.jsonl,Text_Numeracy,0.2,0.0,1.6666666666666667,0.6666666666666666,3.375,0.75
20,holdout_Text_SubjectiveLit.jsonl,Text_TrustPhys,0.6,0.4,2.0,1.6666666666666667,2.25,1.0
20,holdout_Text_TrustPhys.jsonl,Text_SubjectiveLit,0.8,0.4,4.666666666666667,1.5,3.625,1.125
20,holdout_Text_TrustPhys.jsonl,Text_Anxiety,0.4,0.0,1.5,1.1666666666666667,1.625,0.75
20,holdout_Text_TrustPhys.jsonl,Text_Numeracy,0.4,0.0,4.333333333333333,0.6666666666666666,2.375,0.75
20,holdout_Text_TrustPhys.jsonl,Text_TrustPhys,0.2,0.4,2.3333333333333335,1.6666666666666667,1.5,1.0
20,no_system_prompt.jsonl,Text_SubjectiveLit,1.0,0.4,3.3333333333333335,1.5,2.875,1.125
20,no_system_prompt.jsonl,Text_Anxiety,0.4,0.0,2.0,1.1666666666666667,1.625,0.75
20,no_system_prompt.jsonl,Text_Numeracy,0.2,0.0,2.5,0.6666666666666666,1.875,0.75
20,no_system_prompt.jsonl,Text_TrustPhys,1.0,0.4,2.8333333333333335,1.6666666666666667,1.125,1.0
21,Baseline Zero Shot,Text_SubjectiveLit,0.2,0.8,2.1666666666666665,2.8333333333333335,2.0,0.75
21,Baseline Zero Shot,Text_Anxiety,0.8,0.0,3.1666666666666665,1.3333333333333333,2.75,1.25
21,Baseline Zero Shot,Text_Numeracy,0.2,0.4,2.3333333333333335,1.8333333333333333,3.0,0.375
21,Baseline Zero Shot,Text_TrustPhys,1.0,0.6,3.3333333333333335,2.3333333333333335,2.5,0.625
21,all_4.jsonl,Text_SubjectiveLit,0.4,0.8,3.1666666666666665,2.8333333333333335,1.625,0.75
21,all_4.jsonl,Text_Anxiety,0.4,0.0,2.6666666666666665,1.3333333333333333,2.875,1.25
21,all_4.jsonl,Text_Numeracy,0.4,0.4,2.1666666666666665,1.8333333333333333,3.0,0.375
21,all_4.jsonl,Text_TrustPhys,1.0,0.6,2.8333333333333335,2.3333333333333335,1.75,0.625
21,conditioning_on_all.jsonl,Text_SubjectiveLit,1.2,0.8,5.333333333333333,2.8333333333333335,3.125,0.75
21,conditioning_on_all.jsonl,Text_Anxiety,1.0,0.0,3.8333333333333335,1.3333333333333333,1.625,1.25
21,conditioning_on_all.jsonl,Text_Numeracy,0.6,0.4,3.3333333333333335,1.8333333333333333,1.375,0.375
21,conditioning_on_all.jsonl,Text_TrustPhys,1.0,0.6,5.666666666666667,2.3333333333333335,2.5,0.625
21,holdout_Text_Anxiety.jsonl,Text_SubjectiveLit,1.0,0.8,4.833333333333333,2.8333333333333335,3.75,0.75
21,holdout_Text_Anxiety.jsonl,Text_Anxiety,0.6,0.0,4.166666666666667,1.3333333333333333,1.375,1.25
21,holdout_Text_Anxiety.jsonl,Text_Numeracy,0.2,0.4,2.3333333333333335,1.8333333333333333,1.75,0.375
21,holdout_Text_Anxiety.jsonl,Text_TrustPhys,1.2,0.6,4.666666666666667,2.3333333333333335,1.375,0.625
21,holdout_Text_Numeracy.jsonl,Text_SubjectiveLit,0.6,0.8,3.6666666666666665,2.8333333333333335,2.875,0.75
21,holdout_Text_Numeracy.jsonl,Text_Anxiety,0.2,0.0,3.1666666666666665,1.3333333333333333,1.375,1.25
21,holdout_Text_Numeracy.jsonl,Text_Numeracy,1.0,0.4,1.8333333333333333,1.8333333333333333,1.375,0.375
21,holdout_Text_Numeracy.jsonl,Text_TrustPhys,0.4,0.6,5.166666666666667,2.3333333333333335,2.25,0.625
21,holdout_Text_SubjectiveLit.jsonl,Text_SubjectiveLit,0.6,0.8,4.5,2.8333333333333335,1.5,0.75
21,holdout_Text_SubjectiveLit.jsonl,Text_Anxiety,0.8,0.0,2.6666666666666665,1.3333333333333333,1.625,1.25
21,holdout_Text_SubjectiveLit.jsonl,Text_Numeracy,0.6,0.4,2.3333333333333335,1.8333333333333333,1.625,0.375
21,holdout_Text_SubjectiveLit.jsonl,Text_TrustPhys,1.6,0.6,3.1666666666666665,2.3333333333333335,2.0,0.625
21,holdout_Text_TrustPhys.jsonl,Text_SubjectiveLit,0.2,0.8,5.5,2.8333333333333335,2.75,0.75
21,holdout_Text_TrustPhys.jsonl,Text_Anxiety,0.4,0.0,1.6666666666666667,1.3333333333333333,1.75,1.25
21,holdout_Text_TrustPhys.jsonl,Text_Numeracy,1.0,0.4,3.6666666666666665,1.8333333333333333,3.25,0.375
21,holdout_Text_TrustPhys.jsonl,Text_TrustPhys,0.6,0.6,5.0,2.3333333333333335,1.25,0.625
21,no_system_prompt.jsonl,Text_SubjectiveLit,0.4,0.8,4.5,2.8333333333333335,2.875,0.75
21,no_system_prompt.jsonl,Text_Anxiety,0.6,0.0,3.0,1.3333333333333333,2.0,1.25
21,no_system_prompt.jsonl,Text_Numeracy,1.2,0.4,2.0,1.8333333333333333,2.625,0.375
21,no_system_prompt.jsonl,Text_TrustPhys,1.4,0.6,4.0,2.3333333333333335,1.5,0.625
22,Baseline Zero Shot,Text_SubjectiveLit,0.6,0.6,3.0,2.0,1.625,0.875
22,Baseline Zero Shot,Text_Anxiety,0.6,0.2,2.8333333333333335,2.5,1.875,0.25
22,Baseline Zero Shot,Text_Numeracy,0.8,0.2,2.8333333333333335,0.6666666666666666,4.125,1.25
22,Baseline Zero Shot,Text_TrustPhys,0.8,0.4,2.8333333333333335,0.8333333333333334,2.25,0.125
22,all_4.jsonl,Text_SubjectiveLit,1.2,0.6,3.6666666666666665,2.0,2.125,0.875
22,all_4.jsonl,Text_Anxiety,0.4,0.2,4.0,2.5,1.625,0.25
22,all_4.jsonl,Text_Numeracy,1.0,0.2,3.5,0.6666666666666666,4.875,1.25
22,all_4.jsonl,Text_TrustPhys,1.2,0.4,3.6666666666666665,0.8333333333333334,2.375,0.125
22,conditioning_on_all.jsonl,Text_SubjectiveLit,0.2,0.6,4.666666666666667,2.0,2.25,0.875
22,conditioning_on_all.jsonl,Text_Anxiety,0.6,0.2,5.333333333333333,2.5,2.5,0.25
22,conditioning_on_all.jsonl,Text_Numeracy,0.4,0.2,4.833333333333333,0.6666666666666666,2.625,1.25
22,conditioning_on_all.jsonl,Text_TrustPhys,1.2,0.4,4.333333333333333,0.8333333333333334,2.25,0.125
22,holdout_Text_Anxiety.jsonl,Text_SubjectiveLit,0.6,0.6,6.333333333333333,2.0,3.125,0.875
22,holdout_Text_Anxiety.jsonl,Text_Anxiety,1.2,0.2,1.8333333333333333,2.5,1.125,0.25
22,holdout_Text_Anxiety.jsonl,Text_Numeracy,0.6,0.2,4.0,0.6666666666666666,2.75,1.25
22,holdout_Text_Anxiety.jsonl,Text_TrustPhys,1.4,0.4,3.8333333333333335,0.8333333333333334,2.25,0.125
22,holdout_Text_Numeracy.jsonl,Text_SubjectiveLit,0.8,0.6,4.5,2.0,2.5,0.875
22,holdout_Text_Numeracy.jsonl,Text_Anxiety,0.6,0.2,2.0,2.5,1.0,0.25
22,holdout_Text_Numeracy.jsonl,Text_Numeracy,1.0,0.2,2.0,0.6666666666666666,2.375,1.25
22,holdout_Text_Numeracy.jsonl,Text_TrustPhys,0.8,0.4,3.0,0.8333333333333334,2.125,0.125
22,holdout_Text_SubjectiveLit.jsonl,Text_SubjectiveLit,1.2,0.6,4.333333333333333,2.0,2.875,0.875
22,holdout_Text_SubjectiveLit.jsonl,Text_Anxiety,1.2,0.2,5.166666666666667,2.5,1.25,0.25
22,holdout_Text_SubjectiveLit.jsonl,Text_Numeracy,1.2,0.2,3.6666666666666665,0.6666666666666666,2.625,1.25
22,holdout_Text_SubjectiveLit.jsonl,Text_TrustPhys,1.0,0.4,3.8333333333333335,0.8333333333333334,1.875,0.125
22,holdout_Text_TrustPhys.jsonl,Text_SubjectiveLit,0.6,0.6,3.8333333333333335,2.0,2.125,0.875
22,holdout_Text_TrustPhys.jsonl,Text_Anxiety,1.0,0.2,5.0,2.5,1.75,0.25
22,holdout_Text_TrustPhys.jsonl,Text_Numeracy,0.6,0.2,1.8333333333333333,0.6666666666666666,1.875,1.25
22,holdout_Text_TrustPhys.jsonl,Text_TrustPhys,1.0,0.4,4.833333333333333,0.8333333333333334,1.5,0.125
22,no_system_prompt.jsonl,Text_SubjectiveLit,1.0,0.6,4.833333333333333,2.0,2.125,0.875
22,no_system_prompt.jsonl,Text_Anxiety,0.8,0.2,4.333333333333333,2.5,1.75,0.25
22,no_system_prompt.jsonl,Text_Numeracy,1.0,0.2,3.0,0.6666666666666666,2.25,1.25
22,no_system_prompt.jsonl,Text_TrustPhys,1.2,0.4,5.0,0.8333333333333334,1.875,0.125
23,Baseline Zero Shot,Text_SubjectiveLit,0.2,0.2,2.5,4.5,2.625,2.375
23,Baseline Zero Shot,Text_Anxiety,1.0,0.6,3.8333333333333335,1.8333333333333333,1.5,1.0
23,Baseline Zero Shot,Text_Numeracy,1.8,1.0,1.8333333333333333,2.3333333333333335,2.75,1.25
23,Baseline Zero Shot,Text_TrustPhys,0.6,0.6,2.8333333333333335,4.0,3.25,2.0
23,all_4.jsonl,Text_SubjectiveLit,1.0,0.2,5.166666666666667,4.5,2.5,2.375
23,all_4.jsonl,Text_Anxiety,2.2,0.6,4.166666666666667,1.8333333333333333,1.375,1.0
23,all_4.jsonl,Text_Numeracy,1.2,1.0,4.0,2.3333333333333335,3.375,1.25
23,all_4.jsonl,Text_TrustPhys,1.8,0.6,3.3333333333333335,4.0,2.75,2.0
23,conditioning_on_all.jsonl,Text_SubjectiveLit,1.0,0.2,4.5,4.5,3.5,2.375
23,conditioning_on_all.jsonl,Text_Anxiety,0.2,0.6,4.0,1.8333333333333333,1.75,1.0
23,conditioning_on_all.jsonl,Text_Numeracy,0.4,1.0,3.1666666666666665,2.3333333333333335,1.375,1.25
23,conditioning_on_all.jsonl,Text_TrustPhys,0.6,0.6,3.3333333333333335,4.0,3.0,2.0
23,holdout_Text_Anxiety.jsonl,Text_SubjectiveLit,1.0,0.2,4.333333333333333,4.5,1.75,2.375
23,holdout_Text_Anxiety.jsonl,Text_Anxiety,0.0,0.6,4.666666666666667,1.8333333333333333,2.5,1.0
23,holdout_Text_Anxiety.jsonl,Text_Numeracy,0.4,1.0,1.8333333333333333,2.3333333333333335,1.125,1.25
23,holdout_Text_Anxiety.jsonl,Text_TrustPhys,1.4,0.6,4.666666666666667,4.0,3.125,2.0
23,holdout_Text_Numeracy.jsonl,Text_SubjectiveLit,0.4,0.2,4.666666666666667,4.5,1.25,2.375
23,holdout_Text_Numeracy.jsonl,Text_Anxiety,1.0,0.6,2.6666666666666665,1.8333333333333333,1.0,1.0
23,holdout_Text_Numeracy.jsonl,Text_Numeracy,1.8,1.0,3.0,2.3333333333333335,3.5,1.25
23,holdout_Text_Numeracy.jsonl,Text_TrustPhys,1.2,0.6,4.5,4.0,1.5,2.0
23,holdout_Text_SubjectiveLit.jsonl,Text_SubjectiveLit,0.6,0.2,3.8333333333333335,4.5,2.5,2.375
23,holdout_Text_SubjectiveLit.jsonl,Text_Anxiety,0.6,0.6,2.3333333333333335,1.8333333333333333,1.75,1.0
23,holdout_Text_SubjectiveLit.jsonl,Text_Numeracy,0.8,1.0,3.5,2.3333333333333335,2.375,1.25
23,holdout_Text_SubjectiveLit.jsonl,Text_TrustPhys,0.6,0.6,4.166666666666667,4.0,2.625,2.0
23,holdout_Text_TrustPhys.jsonl,Text_SubjectiveLit,0.6,0.2,4.833333333333333,4.5,2.125,2.375
23,holdout_Text_TrustPhys.jsonl,Text_Anxiety,0.8,0.6,2.5,1.8333333333333333,2.125,1.0
23,holdout_Text_TrustPhys.jsonl,Text_Numeracy,0.6,1.0,4.166666666666667,2.3333333333333335,3.0,1.25
23,holdout_Text_TrustPhys.jsonl,Text_TrustPhys,1.2,0.6,1.6666666666666667,4.0,1.125,2.0
23,no_system_prompt.jsonl,Text_SubjectiveLit,0.4,0.2,4.333333333333333,4.5,3.375,2.375
23,no_system_prompt.jsonl,Text_Anxiety,0.4,0.6,1.6666666666666667,1.8333333333333333,1.25,1.0
23,no_system_prompt.jsonl,Text_Numeracy,0.8,1.0,2.3333333333333335,2.3333333333333335,2.5,1.25
23,no_system_prompt.jsonl,Text_TrustPhys,1.4,0.6,3.1666666666666665,4.0,1.875,2.0
24,Baseline Zero Shot,Text_SubjectiveLit,0.4,0.2,3.5,1.0,3.25,0.625
24,Baseline Zero Shot,Text_Anxiety,0.8,0.8,4.166666666666667,1.1666666666666667,1.5,0.375
24,Baseline Zero Shot,Text_Numeracy,0.8,0.6,2.3333333333333335,1.3333333333333333,3.5,0.625
24,Baseline Zero Shot,Text_TrustPhys,0.6,0.8,4.5,0.5,3.125,0.375
24,all_4.jsonl,Text_SubjectiveLit,0.0,0.2,4.666666666666667,1.0,3.0,0.625
24,all_4.jsonl,Text_Anxiety,0.6,0.8,1.6666666666666667,1.1666666666666667,1.5,0.375
24,all_4.jsonl,Text_Numeracy,0.6,0.6,3.8333333333333335,1.3333333333333333,2.25,0.625
24,all_4.jsonl,Text_TrustPhys,0.8,0.8,2.3333333333333335,0.5,0.75,0.375
24,conditioning_on_all.jsonl,Text_SubjectiveLit,0.8,0.2,5.0,1.0,2.125,0.625
24,conditioning_on_all.jsonl,Text_Anxiety,0.4,0.8,3.8333333333333335,1.1666666666666667,2.5,0.375
24,conditioning_on_all.jsonl,Text_Numeracy,0.8,0.6,2.3333333333333335,1.3333333333333333,3.25,0.625
24,conditioning_on_all.jsonl,Text_TrustPhys,1.2,0.8,3.3333333333333335,0.5,2.5,0.375
24,holdout_Text_Anxiety.jsonl,Text_SubjectiveLit,1.0,0.2,4.666666666666667,1.0,4.375,0.625
24,holdout_Text_Anxiety.jsonl,Text_Anxiety,0.4,0.8,2.5,1.1666666666666667,1.25,0.375
24,holdout_Text_Anxiety.jsonl,Text_Numeracy,1.0,0.6,2.6666666666666665,1.3333333333333333,3.0,0.625
24,holdout_Text_Anxiety.jsonl,Text_TrustPhys,1.4,0.8,4.0,0.5,2.625,0.375
24,holdout_Text_Numeracy.jsonl,Text_SubjectiveLit,1.0,0.2,4.0,1.0,2.125,0.625
24,holdout_Text_Numeracy.jsonl,Text_Anxiety,1.6,0.8,3.0,1.1666666666666667,1.25,0.375
24,holdout_Text_Numeracy.jsonl,Text_Numeracy,0.8,0.6,1.8333333333333333,1.3333333333333333,1.375,0.625
24,holdout_Text_Numeracy.jsonl,Text_TrustPhys,0.8,0.8,2.3333333333333335,0.5,2.375,0.375
24,holdout_Text_SubjectiveLit.jsonl,Text_SubjectiveLit,1.0,0.2,3.8333333333333335,1.0,2.75,0.625
24,holdout_Text_SubjectiveLit.jsonl,Text_Anxiety,1.2,0.8,2.1666666666666665,1.1666666666666667,0.875,0.375
24,holdout_Text_SubjectiveLit.jsonl,Text_Numeracy,0.6,0.6,4.0,1.3333333333333333,2.5,0.625
24,holdout_Text_SubjectiveLit.jsonl,Text_TrustPhys,1.4,0.8,2.6666666666666665,0.5,1.875,0.375
24,holdout_Text_TrustPhys.jsonl,Text_SubjectiveLit,0.6,0.2,3.6666666666666665,1.0,3.75,0.625
24,holdout_Text_TrustPhys.jsonl,Text_Anxiety,0.8,0.8,2.1666666666666665,1.1666666666666667,1.0,0.375
24,holdout_Text_TrustPhys.jsonl,Text_Numeracy,0.2,0.6,3.0,1.3333333333333333,1.5,0.625
24,holdout_Text_TrustPhys.jsonl,Text_TrustPhys,0.4,0.8,2.3333333333333335,0.5,1.875,0.375
24,no_system_prompt.jsonl,Text_SubjectiveLit,1.2,0.2,4.333333333333333,1.0,3.25,0.625
24,no_system_prompt.jsonl,Text_Anxiety,1.2,0.8,3.1666666666666665,1.1666666666666667,0.375,0.375
24,no_system_prompt.jsonl,Text_Numeracy,0.8,0.6,2.1666666666666665,1.3333333333333333,1.25,0.625
24,no_system_prompt.jsonl,Text_TrustPhys,0.8,0.8,1.3333333333333333,0.5,2.375,0.375
25,Baseline Zero Shot,Text_SubjectiveLit,0.4,0.2,4.333333333333333,2.1666666666666665,2.375,0.25
25,Baseline Zero Shot,Text_Anxiety,1.2,1.0,4.166666666666667,0.6666666666666666,2.5,0.0
25,Baseline Zero Shot,Text_Numeracy,0.2,0.2,2.5,1.1666666666666667,2.375,0.75
25,Baseline Zero Shot,Text_TrustPhys,1.2,0.6,3.8333333333333335,1.8333333333333333,3.625,0.5
25,all_4.jsonl,Text_SubjectiveLit,1.0,0.2,4.5,2.1666666666666665,2.5,0.25
25,all_4.jsonl,Text_Anxiety,0.8,1.0,3.1666666666666665,0.6666666666666666,1.25,0.0
25,all_4.jsonl,Text_Numeracy,1.0,0.2,3.3333333333333335,1.1666666666666667,1.875,0.75
25,all_4.jsonl,Text_TrustPhys,1.2,0.6,4.333333333333333,1.8333333333333333,1.875,0.5
25,conditioning_on_all.jsonl,Text_SubjectiveLit,1.0,0.2,4.0,2.1666666666666665,2.375,0.25
25,conditioning_on_all.jsonl,Text_Anxiety,0.4,1.0,4.833333333333333,0.6666666666666666,1.75,0.0
25,conditioning_on_all.jsonl,Text_Numeracy,0.4,0.2,2.3333333333333335,1.1666666666666667,1.25,0.75
25,conditioning_on_all.jsonl,Text_TrustPhys,0.6,0.6,4.333333333333333,1.8333333333333333,1.75,0.5
25,holdout_Text_Anxiety.jsonl,Text_SubjectiveLit,1.0,0.2,3.5,2.1666666666666665,2.125,0.25
25,holdout_Text_Anxiety.jsonl,Text_Anxiety,0.2,1.0,1.3333333333333333,0.6666666666666666,0.75,0.0
25,holdout_Text_Anxiety.jsonl,Text_Numeracy,0.2,0.2,3.8333333333333335,1.1666666666666667,2.5,0.75
25,holdout_Text_Anxiety.jsonl,Text_TrustPhys,1.8,0.6,4.166666666666667,1.8333333333333333,1.5,0.5
25,holdout_Text_Numeracy.jsonl,Text_SubjectiveLit,0.4,0.2,5.166666666666667,2.1666666666666665,3.75,0.25
25,holdout_Text_Numeracy.jsonl,Text_Anxiety,1.2,1.0,2.1666666666666665,0.6666666666666666,1.25,0.0
25,holdout_Text_Numeracy.jsonl,Text_Numeracy,0.4,0.2,2.8333333333333335,1.1666666666666667,1.75,0.75
25,holdout_Text_Numeracy.jsonl,Text_TrustPhys,0.6,0.6,3.8333333333333335,1.8333333333333333,1.0,0.5
25,holdout_Text_SubjectiveLit.jsonl,Text_SubjectiveLit,1.0,0.2,3.5,2.1666666666666665,2.625,0.25
25,holdout_Text_SubjectiveLit.jsonl,Text_Anxiety,0.8,1.0,3.6666666666666665,0.6666666666666666,0.75,0.0
25,holdout_Text_SubjectiveLit.jsonl,Text_Numeracy,1.0,0.2,2.6666666666666665,1.1666666666666667,1.75,0.75
25,holdout_Text_SubjectiveLit.jsonl,Text_TrustPhys,0.4,0.6,4.666666666666667,1.8333333333333333,1.125,0.5
25,holdout_Text_TrustPhys.jsonl,Text_SubjectiveLit,0.8,0.2,5.333333333333333,2.1666666666666665,2.5,0.25
25,holdout_Text_TrustPhys.jsonl,Text_Anxiety,0.4,1.0,4.333333333333333,0.6666666666666666,0.875,0.0
25,holdout_Text_TrustPhys.jsonl,Text_Numeracy,1.4,0.2,3.5,1.1666666666666667,2.75,0.75
25,holdout_Text_TrustPhys.jsonl,Text_TrustPhys,1.0,0.6,4.666666666666667,1.8333333333333333,2.625,0.5
25,no_system_prompt.jsonl,Text_SubjectiveLit,0.4,0.2,3.1666666666666665,2.1666666666666665,2.5,0.25
25,no_system_prompt.jsonl,Text_Anxiety,0.8,1.0,1.8333333333333333,0.6666666666666666,1.625,0.0
25,no_system_prompt.jsonl,Text_Numeracy,0.8,0.2,4.333333333333333,1.1666666666666667,2.75,0.75
25,no_system_prompt.jsonl,Text_TrustPhys,1.2,0.6,3.8333333333333335,1.8333333333333333,1.75,0.5
26,Baseline Zero Shot,Text_SubjectiveLit,0.4,0.6,2.3333333333333335,1.6666666666666667,3.125,1.25
26,Baseline Zero Shot,Text_Anxiety,1.0,1.6,3.6666666666666665,2.1666666666666665,2.125,1.0
26,Baseline Zero Shot,Text_Numeracy,0.8,0.4,2.1666666666666665,1.8333333333333333,1.5,1.0
26,Baseline Zero Shot,Text_TrustPhys,0.4,0.6,3.8333333333333335,2.1666666666666665,2.25,0.625
26,all_4.jsonl,Text_SubjectiveLit,1.0,0.6,4.666666666666667,1.6666666666666667,2.375,1.25
26,all_4.jsonl,Text_Anxiety,0.6,1.6,3.6666666666666665,2.1666666666666665,1.25,1.0
26,all_4.jsonl,Text_Numeracy,1.2,0.4,3.0,1.8333333333333333,2.5,1.0
26,all_4.jsonl,Text_TrustPhys,0.4,0.6,3.5,2.1666666666666665,2.375,0.625
26,conditioning_on_all.jsonl,Text_SubjectiveLit,1.2,0.6,4.333333333333333,1.6666666666666667,2.375,1.25
26,conditioning_on_all.jsonl,Text_Anxiety,1.2,1.6,2.5,2.1666666666666665,2.125,1.0
26,conditioning_on_all.jsonl,Text_Numeracy,0.6,0.4,3.8333333333333335,1.8333333333333333,1.25,1.0
26,conditioning_on_all.jsonl,Text_TrustPhys,0.4,0.6,4.666666666666667,2.1666666666666665,2.75,0.625
26,holdout_Text_Anxiety.jsonl,Text_SubjectiveLit,0.8,0.6,3.3333333333333335,1.6666666666666667,2.0,1.25
26,holdout_Text_Anxiety.jsonl,Text_Anxiety,0.6,1.6,3.5,2.1666666666666665,2.125,1.0
26,holdout_Text_Anxiety.jsonl,Text_Numeracy,0.8,0.4,3.5,1.8333333333333333,5.25,1.0
26,holdout_Text_Anxiety.jsonl,Text_TrustPhys,0.2,0.6,2.6666666666666665,2.1666666666666665,1.625,0.625
26,holdout_Text_Numeracy.jsonl,Text_SubjectiveLit,0.6,0.6,5.166666666666667,1.6666666666666667,3.375,1.25
26,holdout_Text_Numeracy.jsonl,Text_Anxiety,1.4,1.6,2.3333333333333335,2.1666666666666665,0.875,1.0
26,holdout_Text_Numeracy.jsonl,Text_Numeracy,0.8,0.4,3.6666666666666665,1.8333333333333333,2.0,1.0
26,holdout_Text_Numeracy.jsonl,Text_TrustPhys,0.8,0.6,3.0,2.1666666666666665,1.625,0.625
26,holdout_Text_SubjectiveLit.jsonl,Text_SubjectiveLit,0.6,0.6,5.166666666666667,1.6666666666666667,3.375,1.25
26,holdout_Text_SubjectiveLit.jsonl,Text_Anxiety,1.0,1.6,2.1666666666666665,2.1666666666666665,1.25,1.0
26,holdout_Text_SubjectiveLit.jsonl,Text_Numeracy,0.0,0.4,2.1666666666666665,1.8333333333333333,2.25,1.0
26,holdout_Text_SubjectiveLit.jsonl,Text_TrustPhys,0.8,0.6,3.6666666666666665,2.1666666666666665,2.125,0.625
26,holdout_Text_TrustPhys.jsonl,Text_SubjectiveLit,0.6,0.6,4.666666666666667,1.6666666666666667,3.625,1.25
26,holdout_Text_TrustPhys.jsonl,Text_Anxiety,0.4,1.6,2.5,2.1666666666666665,0.375,1.0
26,holdout_Text_TrustPhys.jsonl,Text_Numeracy,1.6,0.4,3.6666666666666665,1.8333333333333333,1.75,1.0
26,holdout_Text_TrustPhys.jsonl,Text_TrustPhys,1.6,0.6,4.0,2.1666666666666665,2.5,0.625
26,no_system_prompt.jsonl,Text_SubjectiveLit,0.4,0.6,3.6666666666666665,1.6666666666666667,3.625,1.25
26,no_system_prompt.jsonl,Text_Anxiety,0.6,1.6,3.1666666666666665,2.1666666666666665,1.875,1.0
26,no_system_prompt.jsonl,Text_Numeracy,0.6,0.4,1.8333333333333333,1.8333333333333333,1.375,1.0
26,no_system_prompt.jsonl,Text_TrustPhys,0.6,0.6,4.0,2.1666666666666665,1.875,0.625
27,Baseline Zero Shot,Text_SubjectiveLit,0.4,0.8,3.6666666666666665,2.1666666666666665,2.375,1.0
27,Baseline Zero Shot,Text_Anxiety,1.2,0.2,4.833333333333333,1.5,1.5,0.25
27,Baseline Zero Shot,Text_Numeracy,1.2,0.6,2.1666666666666665,0.8333333333333334,3.625,2.0
27,Baseline Zero Shot,Text_TrustPhys,1.0,0.6,4.666666666666667,1.6666666666666667,1.75,0.75
27,all_4.jsonl,Text_SubjectiveLit,0.6,0.8,4.166666666666667,2.1666666666666665,3.375,1.0
27,all_4.jsonl,Text_Anxiety,0.8,0.2,4.833333333333333,1.5,1.5,0.25
27,all_4.jsonl,Text_Numeracy,1.2,0.6,1.8333333333333333,0.8333333333333334,1.375,2.0
27,all_4.jsonl,Text_TrustPhys,0.6,0.6,3.8333333333333335,1.6666666666666667,1.625,0.75
27,conditioning_on_all.jsonl,Text_SubjectiveLit,1.2,0.8,4.5,2.1666666666666665,3.125,1.0
27,conditioning_on_all.jsonl,Text_Anxiety,0.6,0.2,4.0,1.5,2.875,0.25
27,conditioning_on_all.jsonl,Text_Numeracy,0.2,0.6,2.1666666666666665,0.8333333333333334,4.25,2.0
27,conditioning_on_all.jsonl,Text_TrustPhys,1.0,0.6,5.333333333333333,1.6666666666666667,1.875,0.75
27,holdout_Text_Anxiety.jsonl,Text_SubjectiveLit,1.0,0.8,5.5,2.1666666666666665,3.375,1.0
27,holdout_Text_Anxiety.jsonl,Text_Anxiety,0.0,0.2,3.5,1.5,1.25,0.25
27,holdout_Text_Anxiety.jsonl,Text_Numeracy,1.4,0.6,2.6666666666666665,0.8333333333333334,2.25,2.0
27,holdout_Text_Anxiety.jsonl,Text_TrustPhys,1.2,0.6,5.0,1.6666666666666667,2.25,0.75
27,holdout_Text_Numeracy.jsonl,Text_SubjectiveLit,0.8,0.8,3.6666666666666665,2.1666666666666665,2.875,1.0
27,holdout_Text_Numeracy.jsonl,Text_Anxiety,0.8,0.2,2.1666666666666665,1.5,1.75,0.25
27,holdout_Text_Numeracy.jsonl,Text_Numeracy,0.4,0.6,3.6666666666666665,0.8333333333333334,1.0,2.0
27,holdout_Text_Numeracy.jsonl,Text_TrustPhys,0.8,0.6,3.3333333333333335,1.6666666666666667,1.375,0.75
27,holdout_Text_SubjectiveLit.jsonl,Text_SubjectiveLit,1.0,0.8,4.0,2.1666666666666665,1.625,1.0
27,holdout_Text_SubjectiveLit.jsonl,Text_Anxiety,0.8,0.2,4.166666666666667,1.5,2.625,0.25
27,holdout_Text_SubjectiveLit.jsonl,Text_Numeracy,1.4,0.6,2.0,0.8333333333333334,2.875,2.0
27,holdout_Text_SubjectiveLit.jsonl,Text_TrustPhys,0.8,0.6,3.8333333333333335,1.6666666666666667,1.375,0.75
27,holdout_Text_TrustPhys.jsonl,Text_SubjectiveLit,1.6,0.8,3.8333333333333335,2.1666666666666665,3.25,1.0
27,holdout_Text_TrustPhys.jsonl,Text_Anxiety,0.8,0.2,3.3333333333333335,1.5,1.375,0.25
27,holdout_Text_TrustPhys.jsonl,Text_Numeracy,0.2,0.6,3.8333333333333335,0.8333333333333334,2.875,2.0
27,holdout_Text_TrustPhys.jsonl,Text_TrustPhys,0.8,0.6,2.6666666666666665,1.6666666666666667,1.625,0.75
27,no_system_prompt.jsonl,Text_SubjectiveLit,0.0,0.8,4.0,2.1666666666666665,3.125,1.0
27,no_system_prompt.jsonl,Text_Anxiety,0.4,0.2,3.3333333333333335,1.5,1.375,0.25
27,no_system_prompt.jsonl,Text_Numeracy,0.6,0.6,2.1666666666666665,0.8333333333333334,2.25,2.0
27,no_system_prompt.jsonl,Text_TrustPhys,0.6,0.6,4.0,1.6666666666666667,1.75,0.75
28,Baseline Zero Shot,Text_SubjectiveLit,0.6,0.4,3.5,2.8333333333333335,3.0,2.125
28,Baseline Zero Shot,Text_Anxiety,1.6,0.0,5.166666666666667,2.1666666666666665,2.375,0.5
28,Baseline Zero Shot,Text_Numeracy,0.0,1.0,2.8333333333333335,1.6666666666666667,1.25,1.625
28,Baseline Zero Shot,Text_TrustPhys,1.6,0.6,4.666666666666667,2.8333333333333335,3.25,1.875
28,all_4.jsonl,Text_SubjectiveLit,0.4,0.4,4.5,2.8333333333333335,3.625,2.125
28,all_4.jsonl,Text_Anxiety,0.4,0.0,2.6666666666666665,2.1666666666666665,0.375,0.5
28,all_4.jsonl,Text_Numeracy,0.8,1.0,2.3333333333333335,1.6666666666666667,0.75,1.625
28,all_4.jsonl,Text_TrustPhys,0.8,0.6,2.0,2.8333333333333335,2.625,1.875
28,conditioning_on_all.jsonl,Text_SubjectiveLit,0.6,0.4,5.0,2.8333333333333335,3.75,2.125
28,conditioning_on_all.jsonl,Text_Anxiety,0.6,0.0,4.5,2.1666666666666665,2.125,0.5
28,conditioning_on_all.jsonl,Text_Numeracy,0.8,1.0,3.0,1.6666666666666667,2.125,1.625
28,conditioning_on_all.jsonl,Text_TrustPhys,0.8,0.6,3.0,2.8333333333333335,3.375,1.875
28,holdout_Text_Anxiety.jsonl,Text_SubjectiveLit,0.4,0.4,4.833333333333333,2.8333333333333335,3.875,2.125
28,holdout_Text_Anxiety.jsonl,Text_Anxiety,0.4,0.0,3.3333333333333335,2.1666666666666665,2.25,0.5
28,holdout_Text_Anxiety.jsonl,Text_Numeracy,0.4,1.0,3.1666666666666665,1.6666666666666667,2.0,1.625
28,holdout_Text_Anxiety.jsonl,Text_TrustPhys,1.2,0.6,4.166666666666667,2.8333333333333335,3.25,1.875
28,holdout_Text_Numeracy.jsonl,Text_SubjectiveLit,0.2,0.4,4.5,2.8333333333333335,3.625,2.125
28,holdout_Text_Numeracy.jsonl,Text_Anxiety,0.6,0.0,3.6666666666666665,2.1666666666666665,2.375,0.5
28,holdout_Text_Numeracy.jsonl,Text_Numeracy,0.4,1.0,3.0,1.6666666666666667,4.0,1.625
28,holdout_Text_Numeracy.jsonl,Text_TrustPhys,0.4,0.6,4.0,2.8333333333333335,2.625,1.875
28,holdout_Text_SubjectiveLit.jsonl,Text_SubjectiveLit,0.2,0.4,4.333333333333333,2.8333333333333335,3.0,2.125
28,holdout_Text_SubjectiveLit.jsonl,Text_Anxiety,0.6,0.0,2.8333333333333335,2.1666666666666665,0.875,0.5
28,holdout_Text_SubjectiveLit.jsonl,Text_Numeracy,0.6,1.0,1.8333333333333333,1.6666666666666667,1.125,1.625
28,holdout_Text_SubjectiveLit.jsonl,Text_TrustPhys,1.2,0.6,3.5,2.8333333333333335,2.5,1.875
28,holdout_Text_TrustPhys.jsonl,Text_SubjectiveLit,0.8,0.4,5.666666666666667,2.8333333333333335,3.0,2.125
28,holdout_Text_TrustPhys.jsonl,Text_Anxiety,0.4,0.0,3.6666666666666665,2.1666666666666665,1.25,0.5
28,holdout_Text_TrustPhys.jsonl,Text_Numeracy,0.4,1.0,3.0,1.6666666666666667,3.25,1.625
28,holdout_Text_TrustPhys.jsonl,Text_TrustPhys,0.6,0.6,3.8333333333333335,2.8333333333333335,1.375,1.875
28,no_system_prompt.jsonl,Text_SubjectiveLit,1.0,0.4,4.833333333333333,2.8333333333333335,3.0,2.125
28,no_system_prompt.jsonl,Text_Anxiety,0.4,0.0,2.5,2.1666666666666665,0.375,0.5
28,no_system_prompt.jsonl,Text_Numeracy,0.4,1.0,1.6666666666666667,1.6666666666666667,0.75,1.625
28,no_system_prompt.jsonl,Text_TrustPhys,0.8,0.6,1.8333333333333333,2.8333333333333335,1.5,1.875
29,Baseline Zero Shot,Text_SubjectiveLit,0.4,0.2,3.5,1.0,3.25,0.875
29,Baseline Zero Shot,Text_Anxiety,1.8,0.6,3.3333333333333335,0.8333333333333334,3.375,0.625
29,Baseline Zero Shot,Text_Numeracy,1.0,0.0,2.3333333333333335,1.5,3.125,1.5
29,Baseline Zero Shot,Text_TrustPhys,2.2,0.6,4.333333333333333,0.6666666666666666,1.875,0.875
29,all_4.jsonl,Text_SubjectiveLit,0.8,0.2,5.166666666666667,1.0,3.375,0.875
29,all_4.jsonl,Text_Anxiety,0.8,0.6,5.333333333333333,0.8333333333333334,1.625,0.625
29,all_4.jsonl,Text_Numeracy,0.4,0.0,2.3333333333333335,1.5,3.625,1.5
29,all_4.jsonl,Text_TrustPhys,1.2,0.6,3.8333333333333335,0.6666666666666666,1.625,0.875
29,conditioning_on_all.jsonl,Text_SubjectiveLit,0.6,0.2,2.3333333333333335,1.0,3.875,0.875
29,conditioning_on_all.jsonl,Text_Anxiety,1.6,0.6,2.3333333333333335,0.8333333333333334,2.625,0.625
29,conditioning_on_all.jsonl,Text_Numeracy,0.8,0.0,4.0,1.5,3.875,1.5
29,conditioning_on_all.jsonl,Text_TrustPhys,0.8,0.6,4.666666666666667,0.6666666666666666,3.125,0.875
29,holdout_Text_Anxiety.jsonl,Text_SubjectiveLit,1.4,0.2,3.6666666666666665,1.0,2.875,0.875
29,holdout_Text_Anxiety.jsonl,Text_Anxiety,0.6,0.6,5.5,0.8333333333333334,2.25,0.625
29,holdout_Text_Anxiety.jsonl,Text_Numeracy,0.2,0.0,2.0,1.5,2.875,1.5
29,holdout_Text_Anxiety.jsonl,Text_TrustPhys,1.2,0.6,4.166666666666667,0.6666666666666666,2.625,0.875
29,holdout_Text_Numeracy.jsonl,Text_SubjectiveLit,0.8,0.2,3.3333333333333335,1.0,1.875,0.875
29,holdout_Text_Numeracy.jsonl,Text_Anxiety,0.4,0.6,2.1666666666666665,0.8333333333333334,1.25,0.625
29,holdout_Text_Numeracy.jsonl,Text_Numeracy,0.4,0.0,2.8333333333333335,1.5,3.0,1.5
29,holdout_Text_Numeracy.jsonl,Text_TrustPhys,2.0,0.6,4.5,0.6666666666666666,1.875,0.875
29,holdout_Text_SubjectiveLit.jsonl,Text_SubjectiveLit,0.2,0.2,5.166666666666667,1.0,3.375,0.875
29,holdout_Text_SubjectiveLit.jsonl,Text_Anxiety,0.4,0.6,4.333333333333333,0.8333333333333334,2.625,0.625
29,holdout_Text_SubjectiveLit.jsonl,Text_Numeracy,0.6,0.0,2.5,1.5,1.25,1.5
29,holdout_Text_SubjectiveLit.jsonl,Text_TrustPhys,1.6,0.6,3.1666666666666665,0.6666666666666666,1.875,0.875
29,holdout_Text_TrustPhys.jsonl,Text_SubjectiveLit,0.6,0.2,4.0,1.0,3.375,0.875
29,holdout_Text_TrustPhys.jsonl,Text_Anxiety,0.8,0.6,3.0,0.8333333333333334,2.0,0.625
29,holdout_Text_TrustPhys.jsonl,Text_Numeracy,0.4,0.0,3.0,1.5,3.875,1.5
29,holdout_Text_TrustPhys.jsonl,Text_TrustPhys,0.8,0.6,3.6666666666666665,0.6666666666666666,2.75,0.875
29,no_system_prompt.jsonl,Text_SubjectiveLit,0.4,0.2,3.6666666666666665,1.0,3.875,0.875
29,no_system_prompt.jsonl,Text_Anxiety,0.2,0.6,2.1666666666666665,0.8333333333333334,1.5,0.625
29,no_system_prompt.jsonl,Text_Numeracy,1.0,0.0,2.1666666666666665,1.5,2.25,1.5
29,no_system_prompt.jsonl,Text_TrustPhys,0.4,0.6,2.0,0.6666666666666666,1.5,0.875
